time_s,body_x_m,o1,o2,support_legs
0.050000,0.000000,0.807511,-0.131108,3.000000
0.100000,0.005806,0.701944,-0.544186,3.000000
0.150000,0.018396,0.473032,-0.775480,3.000000
0.200000,0.038104,0.114716,-0.825945,3.000000
0.250000,0.062068,-0.320990,-0.774590,3.000000
0.300000,0.081354,-0.671649,-0.620129,3.000000
0.350000,0.089148,-0.813359,-0.332934,3.000000
0.400000,0.089148,-0.814536,0.070077,3.000000
0.450000,0.094184,-0.722978,0.494964,3.000000
0.500000,0.105747,-0.512728,0.756597,3.000000
0.550000,0.124560,-0.170681,0.826054,3.000000
0.600000,0.148308,0.261111,0.786990,3.000000
0.650000,0.168902,0.635542,0.649012,3.000000
0.700000,0.178189,0.804395,0.380249,3.000000
0.750000,0.178189,0.819936,-0.009737,3.000000
0.800000,0.182491,0.741722,-0.442258,3.000000
0.850000,0.193044,0.549852,-0.733891,3.000000
0.900000,0.210924,0.224760,-0.824271,3.000000
0.950000,0.234299,-0.200246,-0.797595,3.000000
1.000000,0.256012,-0.595024,-0.675298,3.000000
1.050000,0.266878,-0.792596,-0.425208,3.000000
1.100000,0.268589,-0.823705,-0.049522,3.000000
1.150000,0.268589,-0.758306,0.386602,3.000000
1.200000,0.278157,-0.584356,0.707089,3.000000
1.250000,0.295072,-0.276797,0.820430,3.000000
1.300000,0.317941,0.138998,0.806487,3.000000
1.350000,0.340560,0.550250,0.699061,3.000000
1.400000,0.353067,0.777651,0.467734,3.000000
1.450000,0.355715,0.825800,0.107378,3.000000
1.500000,0.355715,0.772857,-0.328601,3.000000
1.550000,0.364330,0.616217,-0.675978,3.000000
1.600000,0.380255,0.326671,-0.814323,3.000000
1.650000,0.402507,-0.077910,-0.813722,3.000000
1.700000,0.425805,-0.501512,-0.720399,3.000000
1.750000,0.439980,-0.759238,-0.507757,3.000000
1.800000,0.443660,-0.826143,-0.163573,3.000000
1.850000,0.443660,-0.785496,0.268894,3.000000
1.900000,0.451363,-0.645438,0.640443,3.000000
1.950000,0.466277,-0.374283,0.805702,3.000000
2.000000,0.487823,0.017458,0.819332,3.000000
2.050000,0.511570,0.449227,0.739431,3.000000
2.100000,0.527400,0.737042,0.545215,3.000000
2.150000,0.532216,0.824612,0.217904,3.000000
2.200000,0.532216,0.796326,-0.208122,3.000000
2.250000,0.539051,0.672055,-0.600488,3.000000
2.300000,0.552939,0.419550,-0.794286,3.000000
2.350000,0.573706,0.041960,-0.823312,3.000000
2.400000,0.597679,-0.393918,-0.756286,3.000000
2.450000,0.615107,-0.710780,-0.580059,3.000000
2.500000,0.621172,-0.821047,-0.270211,3.000000
2.550000,0.621172,-0.805435,0.146891,3.000000
2.600000,0.627183,-0.696137,0.556249,3.000000
2.650000,0.640039,-0.462393,0.779764,3.000000
2.700000,0.659970,-0.100012,0.825627,3.000000
2.750000,0.683961,0.336183,0.771092,3.000000
2.800000,0.702883,0.680233,0.612260,3.000000
2.850000,0.710309,0.815245,0.320370,3.000000
2.900000,0.710309,0.812882,-0.085755,3.000000
2.950000,0.715540,0.717781,-0.508000,3.000000
3.000000,0.727367,0.502743,-0.761816,3.000000
3.050000,0.746414,0.156433,-0.826201,3.000000
3.100000,0.770234,-0.276660,-0.783971,3.000000
3.150000,0.790507,-0.645271,-0.641820,3.000000
3.200000,0.799401,-0.806964,-0.368279,3.000000
3.250000,0.799401,-0.818700,0.025196,3.000000
3.300000,0.803888,-0.737104,0.456145,3.000000
3.350000,0.814700,-0.540535,0.740124,3.000000
3.400000,0.832823,-0.211014,0.824920,3.000000
3.450000,0.856308,0.215990,0.795029,3.000000
3.500000,0.877752,0.605881,0.668770,3.000000
3.550000,0.888205,0.795924,0.413852,3.000000
3.600000,0.889688,0.822892,0.034375,3.000000
3.650000,0.889688,0.754232,-0.401193,3.000000
3.700000,0.899506,0.575717,-0.714400,3.000000
3.750000,0.916673,0.263590,-0.821627,3.000000
3.800000,0.939684,-0.154786,-0.804356,3.000000
3.850000,0.962091,-0.562181,-0.693174,3.000000
3.900000,0.974171,-0.781821,-0.457012,3.000000
3.950000,0.976569,-0.825424,-0.092619,3.000000
4.000000,0.976569,-0.769295,0.343736,3.000000
4.050000,0.985426,-0.608260,0.684415,3.000000
4.100000,1.001609,-0.314032,0.816127,3.000000
4.150000,1.024029,0.093609,0.812014,3.000000
4.200000,1.047174,0.514429,0.715126,3.000000
4.250000,1.060919,0.764332,0.497687,3.000000
4.300000,1.064323,0.826228,0.149263,3.000000
4.350000,1.064323,0.782416,-0.284407,3.000000
4.400000,1.072257,0.638159,-0.650025,3.000000
4.450000,1.087433,0.362236,-0.808179,3.000000
4.500000,1.109168,-0.032951,-0.818041,3.000000
4.550000,1.132821,-0.463011,-0.734740,3.000000
4.600000,1.148228,-0.743139,-0.535811,3.000000
4.650000,1.152741,-0.825194,-0.204091,3.000000
4.700000,1.152741,-0.793703,0.223849,3.000000
4.750000,1.159796,-0.665442,0.611202,3.000000
4.800000,1.173949,-0.408114,0.797512,3.000000
4.850000,1.194923,-0.026767,0.822444,3.000000
4.900000,1.218859,0.408427,0.752144,3.000000
4.950000,1.235882,0.717950,0.571332,3.000000
5.000000,1.241615,0.822171,0.256933,3.000000
5.050000,1.241615,0.803249,-0.162681,3.000000
5.100000,1.247834,0.690169,-0.568046,3.000000
5.150000,1.260956,0.451589,-0.783821,3.000000
5.200000,1.281107,0.085199,-0.825193,3.000000
5.250000,1.305112,-0.351257,-0.767466,3.000000
5.300000,1.323662,-0.688523,-0.604216,3.000000
5.350000,1.330726,-0.816967,-0.307656,3.000000
5.400000,1.330726,-0.811119,0.101471,3.000000
5.450000,1.336154,-0.712431,0.520796,3.000000
5.500000,1.348246,-0.492588,0.766787,3.000000
5.550000,1.367525,-0.142063,0.826225,3.000000
5.600000,1.391405,0.292133,0.780830,3.000000
5.650000,1.411347,0.654705,0.634454,3.000000
5.700000,1.419852,0.809350,0.356154,3.000000
5.750000,1.419852,0.817356,-0.040722,3.000000
5.800000,1.424528,0.732340,-0.469825,3.000000
5.850000,1.435599,0.531044,-0.746089,3.000000
5.900000,1.453964,0.197136,-0.825435,3.000000
5.950000,1.477550,-0.231698,-0.792348,3.000000
6.000000,1.498712,-0.616450,-0.662072,3.000000
6.050000,1.508754,-0.799049,-0.402337,3.000000
6.100000,1.510015,-0.821968,-0.019139,3.000000
6.150000,1.510015,-0.750021,0.415618,3.000000
6.200000,1.520087,-0.566903,0.721428,3.000000
6.250000,1.537503,-0.250242,0.822678,3.000000
6.300000,1.560648,0.170576,0.802114,3.000000
6.350000,1.582827,0.573842,0.687124,3.000000
6.400000,1.594483,0.785766,0.446125,3.000000
6.450000,1.596638,0.824934,0.077753,3.000000
6.500000,1.596638,0.765604,-0.358746,3.000000
6.550000,1.605739,0.600128,-0.692559,3.000000
6.600000,1.622177,0.301244,-0.817768,3.000000
6.650000,1.644760,-0.109342,-0.810198,3.000000
6.700000,1.667736,-0.527102,-0.709698,3.000000
6.750000,1.681051,-0.769181,-0.487447,3.000000
6.800000,1.684186,-0.826192,-0.134833,3.000000
6.850000,1.684186,-0.779214,0.299838,3.000000
6.900000,1.692354,-0.630706,0.659312,3.000000
6.950000,1.707791,-0.350033,0.810476,3.000000
7.000000,1.729711,0.048507,0.816643,3.000000
7.050000,1.753255,0.476585,0.729903,3.000000
7.100000,1.768237,0.748972,0.526234,3.000000
7.150000,1.772453,0.825644,0.190147,3.000000
7.200000,1.772453,0.790965,-0.239536,3.000000
7.250000,1.779730,0.658659,-0.621627,3.000000
7.300000,1.794148,0.396519,-0.800537,3.000000
7.350000,1.815325,0.011489,-0.821466,3.000000
7.400000,1.839209,-0.422764,-0.747863,3.000000
7.450000,1.855823,-0.724837,-0.562430,3.000000
7.500000,1.861230,-0.823150,-0.243515,3.000000
7.550000,1.861230,-0.800951,0.178469,3.000000
7.600000,1.867660,-0.684037,0.579570,3.000000
7.650000,1.881048,-0.440621,0.787656,3.000000
7.700000,1.901417,-0.070282,0.824646,3.000000
7.750000,1.925423,0.366202,0.763709,3.000000
7.800000,1.943591,0.696521,0.595995,3.000000
7.850000,1.950301,0.818529,0.294795,3.000000
7.900000,1.950301,0.809249,-0.117219,3.000000
7.950000,1.955929,0.706925,-0.533345,3.000000
8.000000,1.968285,0.482264,-0.771514,3.000000
8.050000,1.987793,0.127573,-0.826128,3.000000
8.100000,2.011723,-0.307519,-0.777567,3.000000
8.150000,2.031321,-0.663844,-0.626915,3.000000
8.200000,2.039446,-0.811558,-0.343875,3.000000
8.250000,2.039446,-0.815904,0.056307,3.000000
8.300000,2.044312,-0.727428,0.483290,3.000000
8.350000,2.055644,-0.521381,0.751790,3.000000
8.400000,2.074248,-0.183126,0.825820,3.000000
8.450000,2.097925,0.247361,0.789551,3.000000
8.500000,2.118790,0.626730,0.655203,3.000000
8.550000,2.128429,0.801976,0.390662,3.000000
8.600000,2.129472,0.820936,0.003820,3.000000
8.650000,2.129472,0.745671,-0.429865,3.000000
8.700000,2.139798,0.557914,-0.728177,3.000000
8.750000,2.157462,0.236753,-0.823587,3.000000
8.800000,2.180733,-0.186359,-0.799761,3.000000
8.850000,2.202671,-0.585228,-0.680909,3.000000
8.900000,2.213906,-0.789492,-0.435075,3.000000
8.950000,2.215822,-0.824330,-0.062786,3.000000
9.000000,2.215822,-0.761782,0.373622,3.000000
9.050000,2.225170,-0.591819,0.700412,3.000000
9.100000,2.241863,-0.288309,0.819251,3.000000
9.150000,2.264600,0.125102,0.808272,3.000000
9.200000,2.287394,0.539524,0.704112,3.000000
9.250000,2.300278,0.773788,0.477039,3.000000
9.300000,2.303152,0.826036,0.120285,3.000000
9.350000,2.303152,0.775889,-0.315177,3.000000
9.400000,2.311556,0.623079,-0.668303,3.000000
9.450000,2.327253,0.337678,-0.812597,3.000000
9.500000,2.349352,-0.064119,-0.815138,3.000000
9.550000,2.372772,-0.489939,-0.724916,3.000000
9.600000,2.387325,-0.754543,-0.516485,3.000000
9.650000,2.391254,-0.825965,-0.176073,3.000000
9.700000,2.391254,-0.788109,0.255173,3.000000
9.750000,2.398756,-0.651705,0.631761,3.000000
9.800000,2.413438,-0.384765,0.803367,3.000000
9.850000,2.434812,0.003869,0.820379,3.000000
9.900000,2.458630,0.436919,0.743443,3.000000
9.950000,2.474829,0.731447,0.553353,3.000000
10.000000,2.479919,0.823988,0.229957,3.000000
10.050000,2.479919,0.798542,-0.194245,3.000000
10.100000,2.486563,0.677740,-0.590816,3.000000
10.150000,2.500217,0.429489,-0.791274,3.000000
10.200000,2.520799,0.055265,-0.823986,3.000000
10.250000,2.544794,-0.381005,-0.759821,3.000000
10.300000,2.562571,-0.704229,-0.587599,3.000000
10.350000,2.568935,-0.819935,-0.281787,3.000000
10.400000,2.568935,-0.807269,0.132989,3.000000
10.450000,2.574766,-0.701260,0.545638,3.000000
10.500000,2.587388,-0.471772,0.776003,3.000000
10.550000,2.607122,-0.112968,0.825913,3.000000
10.600000,2.631089,0.322808,0.774180,3.000000
10.650000,2.650333,0.672688,0.619200,3.000000
10.700000,2.658083,0.813593,0.331444,3.000000
10.750000,2.658083,0.814344,-0.071944,3.000000
10.800000,2.663141,0.722366,-0.496531,3.000000
10.850000,2.674737,0.511546,-0.757233,3.000000
10.900000,2.693577,0.168989,-0.826078,3.000000
10.950000,2.717335,-0.262969,-0.786637,3.000000
11.000000,2.737891,-0.636718,-0.648163,3.000000
11.050000,2.747131,-0.804711,-0.378830,3.000000
11.100000,2.747131,-0.819795,0.011576,3.000000
11.150000,2.751455,-0.741179,0.443925,3.000000
11.200000,2.762038,-0.548750,0.734649,3.000000
11.250000,2.779947,-0.223127,0.824355,3.000000
11.300000,2.803336,0.202125,0.797295,3.000000
11.350000,2.825018,0.596334,0.674528,3.000000
11.400000,2.835835,0.793004,0.423862,3.000000
11.450000,2.837518,0.823614,0.047720,3.000000
11.500000,2.837518,0.757827,-0.388351,3.000000
11.550000,2.847115,0.583335,-0.707975,3.000000
11.600000,2.864061,0.275229,-0.820581,3.000000
11.650000,2.886947,-0.140880,-0.806238,3.000000
11.700000,2.909541,-0.551687,-0.698367,3.000000
11.750000,2.921997,-0.778160,-0.466464,3.000000
11.800000,2.924616,-0.825762,-0.105623,3.000000
11.850000,2.924616,-0.772439,0.330412,3.000000
11.900000,2.933259,-0.615277,0.676999,3.000000
11.950000,2.949215,-0.325171,0.814547,3.000000
12.000000,2.971488,0.079780,0.813524,3.000000
12.050000,2.994768,0.503065,0.719778,3.000000
12.100000,3.008892,0.759859,0.506565,3.000000
12.150000,3.012538,0.826159,0.161873,3.000000
12.200000,3.012538,0.785135,-0.270748,3.000000
12.250000,3.020269,0.644579,-0.641601,3.000000
12.300000,3.035214,0.372855,-0.806007,3.000000
12.350000,3.056782,-0.019302,-0.819183,3.000000
12.400000,3.080519,-0.450881,-0.738879,3.000000
12.450000,3.096299,-0.737783,-0.544102,3.000000
12.500000,3.101079,-0.824689,-0.216264,3.000000
12.550000,3.101079,-0.796020,0.209999,3.000000
12.600000,3.107940,-0.671275,0.601781,3.000000
12.650000,3.121859,-0.418195,0.794681,3.000000
12.700000,3.142651,-0.040153,0.823214,3.000000
12.750000,3.166621,0.395657,0.755799,3.000000
12.800000,3.184001,0.711650,0.579027,3.000000
12.850000,3.190025,0.821189,0.268635,3.000000
12.900000,3.190025,0.805180,-0.148774,3.000000
12.950000,3.196061,0.695434,-0.557670,3.000000
13.000000,3.208949,0.461114,-0.780260,3.000000
13.050000,3.228906,0.098251,-0.825581,3.000000
13.100000,3.252899,-0.337987,-0.770666,3.000000
13.150000,3.271778,-0.681237,-0.611310,3.000000
13.200000,3.279160,-0.815459,-0.318862,3.000000
13.250000,3.279160,-0.812677,0.087627,3.000000
13.300000,3.284414,-0.717152,0.509539,3.000000
13.350000,3.296273,-0.501541,0.762422,3.000000
13.400000,3.315348,-0.154726,0.826210,3.000000
13.450000,3.339176,0.278509,0.783602,3.000000
13.500000,3.359410,0.646412,0.640951,3.000000
13.550000,3.368257,0.807258,0.366841,3.000000
13.600000,3.368257,0.818545,-0.027044,3.000000
13.650000,3.372767,0.736543,-0.457787,3.000000
13.700000,3.383609,0.539412,-0.740849,3.000000
13.750000,3.401762,0.209366,-0.824988,3.000000
13.800000,3.425259,-0.217865,-0.794716,3.000000
13.850000,3.446670,-0.607156,-0.667980,3.000000
13.900000,3.457074,-0.796307,-0.412487,3.000000
13.950000,3.458530,-0.822787,-0.032562,3.000000
14.000000,3.458530,-0.753737,0.402922,3.000000
14.050000,3.468378,-0.574675,0.715253,3.000000
14.100000,3.485575,-0.262006,0.821760,3.000000
14.150000,3.508602,0.156669,0.804094,3.000000
14.200000,3.530983,0.563586,0.692461,3.000000
14.250000,3.543012,0.782303,0.455722,3.000000
14.300000,3.545381,0.825372,0.090852,3.000000
14.350000,3.545381,0.768862,-0.345533,3.000000
14.400000,3.554267,0.607299,-0.685401,3.000000
14.450000,3.570480,0.312514,-0.816331,3.000000
14.500000,3.592920,-0.095483,-0.811803,3.000000
14.550000,3.616046,-0.515953,-0.714487,3.000000
14.600000,3.629739,-0.764923,-0.496474,3.000000
14.650000,3.633111,-0.826230,-0.147549,3.000000
14.700000,3.633111,-0.782040,0.286251,3.000000
14.750000,3.641073,-0.637279,0.651148,3.000000
14.800000,3.656280,-0.360789,0.808463,3.000000
14.850000,3.678037,0.034803,0.817880,3.000000
14.900000,3.701679,0.464641,0.734171,3.000000
14.950000,3.717035,0.743849,0.534678,3.000000
15.000000,3.721512,0.825254,0.202435,3.000000
15.050000,3.721512,0.793383,-0.225722,3.000000
15.100000,3.728593,0.664642,-0.612460,3.000000
15.150000,3.742778,0.406740,-0.797883,3.000000
15.200000,3.763776,0.024950,-0.822333,3.000000
15.250000,3.787706,-0.410146,-0.751640,3.000000
15.300000,3.804682,-0.718786,-0.570280,3.000000
15.350000,3.810375,-0.822295,-0.255341,3.000000
15.400000,3.810375,-0.802981,0.164564,3.000000
15.450000,3.816619,-0.689447,0.569434,3.000000
15.500000,3.829773,-0.450290,0.784290,3.000000
15.550000,3.849950,-0.083426,0.825134,3.000000
15.600000,3.873956,0.353046,0.767025,3.000000
15.650000,3.892461,0.689492,0.603245,3.000000
15.700000,3.899482,0.817162,0.306130,3.000000
15.750000,3.899482,0.810902,-0.103348,3.000000
15.800000,3.904934,0.711783,-0.522306,3.000000
15.850000,3.917057,0.491366,-0.767363,3.000000
15.900000,3.936363,0.140341,-0.826220,3.000000
15.950000,3.960251,-0.293973,-0.780447,3.000000
16.000000,3.980152,-0.655811,-0.633565,3.000000
16.050000,3.988611,-0.809622,-0.354698,3.000000
16.100000,3.988611,-0.817188,0.042577,3.000000
16.150000,3.993310,-0.731762,0.471442,3.000000
16.200000,4.004412,-0.529901,0.746782,3.000000
16.250000,4.022806,-0.195472,0.825488,3.000000
16.300000,4.046403,0.233569,0.792021,3.000000
16.350000,4.067530,0.617691,0.661262,3.000000
16.400000,4.077524,0.799409,0.400953,3.000000
16.450000,4.078758,0.821851,0.017316,3.000000
16.500000,4.078758,0.749509,-0.417326,3.000000
16.550000,4.088860,0.565840,-0.722248,3.000000
16.600000,4.106306,0.248640,-0.822794,3.000000
16.650000,4.129467,-0.172459,-0.801839,3.000000
16.700000,4.151618,-0.575214,-0.686391,3.000000
16.750000,4.163224,-0.786222,-0.444816,3.000000
16.800000,4.165349,-0.824867,-0.075974,3.000000
16.850000,4.165349,-0.765155,0.360528,3.000000
16.900000,4.174480,-0.599146,0.693511,3.000000
16.950000,4.190949,-0.299709,0.817953,3.000000
17.000000,4.213550,0.111220,0.809974,3.000000
17.050000,4.236505,0.528597,0.709040,3.000000
17.100000,4.249769,0.769743,0.486215,3.000000
17.150000,4.252873,0.826179,0.133104,3.000000
17.200000,4.252873,0.778824,-0.301672,3.000000
17.250000,4.261069,0.629806,-0.660400,3.000000
17.300000,4.276537,0.348568,-0.810738,3.000000
17.350000,4.298478,-0.050366,-0.816469,3.000000
17.400000,4.322008,-0.478190,-0.729316,3.000000
17.450000,4.336939,-0.749650,-0.525080,3.000000
17.500000,4.341121,-0.825689,-0.188475,3.000000
17.550000,4.341121,-0.790630,0.241404,3.000000
17.600000,4.348424,-0.657839,0.622850,3.000000
17.650000,4.362873,-0.395126,0.800885,3.000000
17.700000,4.384074,-0.009662,0.821342,3.000000
17.750000,4.407951,0.424462,0.747343,3.000000
17.800000,4.424516,0.725640,0.561357,3.000000
17.850000,4.429885,0.823257,0.241905,3.000000
17.900000,4.429885,0.800670,-0.180351,3.000000
17.950000,4.436340,0.683295,-0.580925,3.000000
18.000000,4.449760,0.439302,-0.788098,3.000000
18.050000,4.470154,0.068496,-0.824573,3.000000
18.100000,4.494160,-0.367975,-0.763253,3.000000
18.150000,4.512281,-0.697456,-0.595003,3.000000
18.200000,4.518950,-0.818705,-0.293251,3.000000
18.250000,4.518950,-0.809018,0.119098,3.000000
18.300000,4.524602,-0.706257,0.534824,3.000000
18.350000,4.536990,-0.481021,0.772062,3.000000
18.400000,4.556525,-0.125838,0.826109,3.000000
18.450000,4.580460,0.309348,0.777170,3.000000
18.500000,4.600016,0.664914,0.626004,3.000000
18.550000,4.608096,0.811810,0.342400,3.000000
18.600000,4.608096,0.815724,-0.058169,3.000000
18.650000,4.612985,0.726832,-0.484881,3.000000
18.700000,4.624349,0.520217,-0.752452,3.000000
18.750000,4.642981,0.181447,-0.825858,3.000000
18.800000,4.666668,-0.249226,-0.789210,3.000000
18.850000,4.687497,-0.627936,-0.654373,3.000000
18.900000,4.697088,-0.802313,-0.389259,3.000000
18.950000,4.698105,-0.820805,-0.001988,3.000000
19.000000,4.698105,-0.745142,0.431552,3.000000
19.050000,4.708462,-0.556830,0.728963,3.000000
19.100000,4.726155,-0.235136,0.823686,3.000000
19.150000,4.749441,0.188240,0.799473,3.000000
19.200000,4.771349,0.586567,0.680157,3.000000
19.250000,4.782533,0.789921,0.433746,3.000000
19.300000,4.784421,0.824250,0.060994,3.000000
19.350000,4.784421,0.761317,-0.375386,3.000000
19.400000,4.793799,0.590817,-0.701329,3.000000
19.450000,4.810522,0.286757,-0.819418,3.000000
19.500000,4.833278,-0.126983,-0.808036,3.000000
19.550000,4.856048,-0.540988,-0.703435,3.000000
19.600000,4.868882,-0.774322,-0.475787,3.000000
19.650000,4.871724,-0.826009,-0.118543,3.000000
19.700000,4.871724,-0.775484,0.316999,3.000000
19.750000,4.880157,-0.622158,0.669356,3.000000
19.800000,4.895885,-0.336195,0.812838,3.000000
19.850000,4.918005,0.065984,0.814951,3.000000
19.900000,4.941409,0.491517,0.724311,3.000000
19.950000,4.955911,0.755190,0.515311,3.000000
20.000000,4.959806,0.825995,0.174386,3.000000
20.050000,4.959806,0.787760,-0.257034,3.000000
20.100000,4.967335,0.650864,-0.632949,3.000000
20.150000,4.982048,0.383353,-0.803692,3.000000
20.200000,5.003446,-0.005706,-0.820242,3.000000
20.250000,5.027255,-0.438594,-0.742906,3.000000
20.300000,5.043404,-0.732217,-0.552259,3.000000
20.350000,5.048457,-0.824079,-0.228332,3.000000
20.400000,5.048457,-0.798247,0.196125,3.000000
20.450000,5.055127,-0.676978,0.592139,3.000000
20.500000,5.068812,-0.428150,0.791691,3.000000
20.550000,5.089420,-0.053468,0.823900,3.000000
20.600000,5.113412,0.382760,0.759349,3.000000
20.650000,5.131143,0.705129,0.586586,3.000000
20.700000,5.137466,0.820092,0.280226,3.000000
20.750000,5.137466,0.807026,-0.134871,3.000000
20.800000,5.143320,0.700573,-0.547087,3.000000
20.850000,5.155974,0.470510,-0.776523,3.000000
20.900000,5.175735,0.111219,-0.825880,3.000000
20.950000,5.199706,-0.324624,-0.773767,3.000000
21.000000,5.218907,-0.673723,-0.618268,3.000000
21.050000,5.226612,-0.813824,-0.329951,3.000000
21.100000,5.226612,-0.814151,0.073812,3.000000
21.150000,5.231694,-0.721752,0.498095,3.000000
21.200000,5.243321,-0.510362,0.757865,3.000000
21.250000,5.262189,-0.167294,0.826100,3.000000
21.300000,5.285956,0.264826,0.786281,3.000000
21.350000,5.306474,0.637889,0.647312,3.000000
21.400000,5.315667,0.805024,0.377408,3.000000
21.450000,5.315667,0.819651,-0.013417,3.000000
21.500000,5.320013,0.740634,-0.445588,3.000000
21.550000,5.330627,0.547645,-0.735403,3.000000
21.600000,5.348566,0.221493,-0.824438,3.000000
21.650000,5.371968,-0.204004,-0.796994,3.000000
21.700000,5.393618,-0.597640,-0.673756,3.000000
21.750000,5.404385,-0.793408,-0.422514,3.000000
21.800000,5.406041,-0.823521,-0.045918,3.000000
21.850000,5.406041,-0.757346,0.390097,3.000000
21.900000,5.415668,-0.582312,0.708858,3.000000
21.950000,5.432644,-0.273660,0.820729,3.000000
22.000000,5.455547,0.142763,0.805988,3.000000
22.050000,5.478117,0.553120,0.697671,3.000000
22.100000,5.490522,0.778666,0.465191,3.000000
22.150000,5.493110,0.825721,0.103867,3.000000
22.200000,5.493110,0.772019,-0.332221,3.000000
22.250000,5.501783,0.614335,-0.678017,3.000000
22.300000,5.517769,0.323670,-0.814768,3.000000
22.350000,5.540062,-0.081651,-0.813325,3.000000
22.400000,5.563325,-0.504614,-0.719155,3.000000
22.450000,5.577397,-0.760476,-0.505370,3.000000
22.500000,5.581011,-0.826174,-0.160171,3.000000
22.550000,5.581011,-0.784772,0.272601,3.000000
22.600000,5.588769,-0.643717,0.642755,3.000000
22.650000,5.603745,-0.371424,0.806310,3.000000
22.700000,5.625336,0.021147,0.819034,3.000000
22.750000,5.649063,0.452533,0.738325,3.000000
22.800000,5.664792,0.738520,0.542988,3.000000
22.850000,5.669535,0.824763,0.214621,3.000000
22.900000,5.669535,0.795711,-0.211876,3.000000
22.950000,5.676422,0.670493,-0.603069,3.000000
23.000000,5.690373,0.416837,-0.795074,3.000000
23.050000,5.711190,0.038344,-0.823115,3.000000
23.100000,5.735156,-0.397393,-0.755310,3.000000
23.150000,5.752488,-0.712516,-0.577993,3.000000
23.200000,5.758472,-0.821329,-0.267057,3.000000
23.250000,5.758472,-0.804923,0.150657,3.000000
23.300000,5.764533,-0.694729,0.559087,3.000000
23.350000,5.777452,-0.459832,0.780752,3.000000
23.400000,5.797436,-0.096489,0.825534,3.000000
23.450000,5.821432,0.339790,0.770239,3.000000
23.500000,5.840266,0.682237,0.610358,3.000000
23.550000,5.847605,0.815671,0.317351,3.000000
23.600000,5.847605,0.812471,-0.089500,3.000000
23.650000,5.852882,0.716519,-0.511074,3.000000
23.700000,5.864772,0.500336,-0.763024,3.000000
23.750000,5.883875,0.153017,-0.826218,3.000000
23.800000,5.907711,-0.280358,-0.783233,3.000000
23.850000,5.927906,-0.647548,-0.640079,3.000000
23.900000,5.936706,-0.807549,-0.365401,3.000000
23.950000,5.936706,-0.818389,0.028893,3.000000
24.000000,5.941239,-0.735981,0.459427,3.000000
24.050000,5.952112,-0.538287,0.741571,3.000000
24.100000,5.970293,-0.207716,0.825055,3.000000
24.150000,5.993803,0.219740,0.794400,3.000000
24.200000,6.015181,0.608428,0.667187,3.000000
24.250000,6.025535,0.796688,0.411120,3.000000
24.300000,6.026965,0.822681,0.030749,3.000000
24.350000,6.026965,0.753240,-0.404649,3.000000
24.400000,6.036844,0.573631,-0.716102,3.000000
24.450000,6.054070,0.260419,-0.821891,3.000000
24.500000,6.077114,-0.158552,-0.803831,3.000000
24.550000,6.099468,-0.564987,-0.691746,3.000000
24.600000,6.111446,-0.782782,-0.454430,3.000000
24.650000,6.113786,-0.825318,-0.089083,3.000000
24.700000,6.113786,-0.768426,0.347328,3.000000
24.750000,6.122701,-0.606336,0.686384,3.000000
24.800000,6.138944,-0.310995,0.816533,3.000000
24.850000,6.161404,0.097358,0.811591,3.000000
24.900000,6.184510,0.517474,0.713845,3.000000
24.950000,6.198152,0.765511,0.495260,3.000000
25.000000,6.201492,0.826230,0.145832,3.000000
25.050000,6.201492,0.781663,-0.288095,3.000000
25.100000,6.209481,0.636397,-0.652267,3.000000
25.150000,6.224720,0.359339,-0.808743,3.000000
25.200000,6.246499,-0.036656,-0.817718,3.000000
25.250000,6.270128,-0.466268,-0.733600,3.000000
25.300000,6.285434,-0.744554,-0.533542,3.000000
25.350000,6.289876,-0.825313,-0.200777,3.000000
25.400000,6.289876,-0.793061,0.227595,3.000000
25.450000,6.296983,-0.663840,0.613714,3.000000
25.500000,6.311199,-0.405363,0.798251,3.000000
25.550000,6.332222,-0.023131,0.822220,3.000000
25.600000,6.356146,0.411862,0.751135,3.000000
25.650000,6.373073,0.719618,0.569225,3.000000
25.700000,6.378727,0.822418,0.253746,3.000000
25.750000,6.378727,0.802711,-0.166447,3.000000
25.800000,6.384996,0.688722,-0.570819,3.000000
25.850000,6.398182,0.448988,-0.784756,3.000000
25.900000,6.418385,0.081651,-0.825073,3.000000
25.950000,6.442392,-0.354834,-0.766582,3.000000
26.000000,6.460851,-0.690457,-0.602271,3.000000
26.050000,6.467830,-0.817354,-0.304602,3.000000
26.100000,6.467830,-0.810683,0.105225,3.000000
26.150000,6.473306,-0.711132,0.523812,3.000000
26.200000,6.485460,-0.490141,0.767936,3.000000
26.250000,6.504794,-0.138618,0.826213,3.000000
26.300000,6.528688,0.295811,0.780063,3.000000
26.350000,6.548548,0.656912,0.632672,3.000000
26.400000,6.556962,0.809892,0.353239,3.000000
26.450000,6.556962,0.817019,-0.044434,3.000000
26.500000,6.561683,0.731182,-0.473057,3.000000
26.550000,6.572817,0.528755,-0.747472,3.000000
26.600000,6.591239,0.193806,-0.825539,3.000000
26.650000,6.614847,-0.235439,-0.791692,3.000000
26.700000,6.635939,-0.618928,-0.660449,3.000000
26.750000,6.645885,-0.799765,-0.399567,3.000000
26.800000,6.647093,-0.821732,-0.015492,3.000000
26.850000,6.647093,-0.748996,0.419032,3.000000
26.900000,6.657226,-0.564775,0.723063,3.000000
26.950000,6.674701,-0.247037,0.822908,3.000000
27.000000,6.697877,0.174341,0.801563,3.000000
27.050000,6.720000,0.576583,0.685657,3.000000
27.100000,6.731555,0.786674,0.443505,3.000000
27.150000,6.733652,0.824800,0.074193,3.000000
27.200000,6.733652,0.764704,-0.362307,3.000000
27.250000,6.742812,0.598162,-0.694458,3.000000
27.300000,6.759311,0.298172,-0.818136,3.000000
27.350000,6.781931,-0.113098,-0.809748,3.000000
27.400000,6.804866,-0.530088,-0.708380,3.000000
27.450000,6.818077,-0.770301,-0.484980,3.000000
27.500000,6.821150,-0.826165,-0.131374,3.000000
27.550000,6.821150,-0.778432,0.303505,3.000000
27.600000,6.829374,-0.628903,0.661483,3.000000
27.650000,6.844873,-0.347100,0.810997,3.000000
27.700000,6.866836,0.052226,0.816294,3.000000
27.750000,6.890352,0.479791,0.728727,3.000000
27.800000,6.905232,0.750324,0.523924,3.000000
27.850000,6.909379,0.825732,0.186802,3.000000
27.900000,6.909379,0.790294,-0.243271,3.000000
27.950000,6.916709,0.657016,-0.624070,3.000000
28.000000,6.931190,0.393730,-0.801230,3.000000
28.050000,6.952414,0.007833,-0.821216,3.000000
28.100000,6.976284,-0.426157,-0.746822,3.000000
28.150000,6.992799,-0.726439,-0.560281,3.000000
28.200000,6.998130,-0.823363,-0.240294,3.000000
28.250000,6.998130,-0.800387,0.182233,3.000000
28.300000,7.004611,-0.682550,0.582277,3.000000
28.350000,7.018062,-0.437980,0.788538,3.000000
28.400000,7.038482,-0.066709,0.824498,3.000000
28.450000,7.062487,0.369746,0.762794,3.000000
28.500000,7.080563,0.698386,0.594009,3.000000
28.550000,7.087190,0.818878,0.291706,3.000000
28.600000,7.087190,0.808786,-0.120978,3.000000
28.650000,7.092866,0.705588,-0.536300,3.000000
28.700000,7.105285,0.479777,-0.772606,3.000000
28.750000,7.124847,0.124100,-0.826088,3.000000
28.800000,7.148788,-0.311175,-0.776771,3.000000
28.850000,7.168302,-0.665980,-0.625091,3.000000
28.900000,7.176336,-0.812059,-0.340924,3.000000
28.950000,7.176336,-0.815542,0.060032,3.000000
29.000000,7.181248,-0.726234,0.486469,3.000000
29.050000,7.192643,-0.519051,0.753111,3.000000
29.100000,7.211304,-0.179766,0.825893,3.000000
29.150000,7.235001,0.251089,0.788867,3.000000
29.200000,7.255794,0.629139,0.653540,3.000000
29.250000,7.265337,0.802646,0.387854,3.000000
29.300000,7.266328,0.820673,0.000155,3.000000
29.350000,7.266328,0.744612,-0.433236,3.000000
29.400000,7.276716,0.555744,-0.729745,3.000000
29.450000,7.294438,0.233516,-0.823782,3.000000
29.500000,7.317738,-0.190121,-0.799183,3.000000
29.550000,7.339616,-0.587902,-0.679403,3.000000
29.600000,7.350751,-0.790348,-0.432415,3.000000
29.650000,7.352611,-0.824169,-0.059201,3.000000
29.700000,7.352611,-0.760851,0.377148,3.000000
29.750000,7.362018,-0.589812,0.702242,3.000000
29.800000,7.378772,-0.285203,0.819582,3.000000
29.850000,7.401545,0.128864,0.807797,3.000000
29.900000,7.424292,0.542449,0.702756,3.000000
29.950000,7.437075,0.774852,0.474532,3.000000
30.000000,7.439887,0.825981,0.116798,3.000000
30.050000,7.439887,0.775078,-0.318820,3.000000
30.100000,7.448348,0.621234,-0.670404,3.000000
30.150000,7.464107,0.334709,-0.813077,3.000000
30.200000,7.486248,-0.067850,-0.814763,3.000000
30.250000,7.509636,-0.493091,-0.723704,3.000000
30.300000,7.524087,-0.755834,-0.514135,3.000000
30.350000,7.527947,-0.826023,-0.172698,3.000000
30.400000,7.527947,-0.787410,0.258894,3.000000
30.450000,7.535504,-0.650021,0.634134,3.000000
30.500000,7.550248,-0.381939,0.804014,3.000000
30.550000,7.571670,0.007543,0.820103,3.000000
30.600000,7.595469,0.440267,0.742367,3.000000
30.650000,7.611569,0.732983,0.551163,3.000000
30.700000,7.616584,0.824168,0.226704,3.000000
30.750000,7.616584,0.797951,-0.198005,3.000000
30.800000,7.623280,0.676213,-0.593457,3.000000
30.850000,7.636997,0.426810,-0.792106,3.000000
30.900000,7.657630,0.051669,-0.823812,3.000000
30.950000,7.681620,-0.384514,-0.758874,3.000000
31.000000,7.699303,-0.706025,-0.585571,3.000000
31.050000,7.705585,-0.820248,-0.278663,3.000000
31.100000,7.705585,-0.806781,0.136753,3.000000
31.150000,7.711464,-0.699885,0.548532,3.000000
31.200000,7.724149,-0.469245,0.777039,3.000000
31.250000,7.743937,-0.109468,0.825845,3.000000
31.300000,7.767912,0.326439,0.773353,3.000000
31.350000,7.787069,0.674754,0.617334,3.000000
31.400000,7.794731,0.814053,0.328456,3.000000
31.450000,7.794731,0.813957,-0.075681,3.000000
31.500000,7.799836,0.721136,-0.499655,3.000000
31.550000,7.811494,0.509175,-0.758493,3.000000
31.600000,7.830391,0.165598,-0.826121,3.000000
31.650000,7.854166,-0.266682,-0.785924,3.000000
31.700000,7.874647,-0.639057,-0.646459,3.000000
31.750000,7.883792,-0.805335,-0.375985,3.000000
31.800000,7.883792,-0.819506,0.015259,3.000000
31.850000,7.888160,-0.740086,0.447249,3.000000
31.900000,7.898805,-0.546538,0.736152,3.000000
31.950000,7.916773,-0.219857,0.824519,3.000000
32.000000,7.940188,0.205882,0.796690,3.000000
32.050000,7.961806,0.598941,0.672982,3.000000
32.100000,7.972524,0.793810,0.421164,3.000000
32.150000,7.974153,0.823427,0.044113,3.000000
32.200000,7.974153,0.756864,-0.391841,3.000000
32.250000,7.983810,0.581286,-0.709737,3.000000
32.300000,8.000816,0.272088,-0.820876,3.000000
32.350000,8.023736,-0.144645,-0.805737,3.000000
32.400000,8.046281,-0.554549,-0.696973,3.000000
32.450000,8.058635,-0.779169,-0.463917,3.000000
32.500000,8.061193,-0.825679,-0.102110,3.000000
32.550000,8.061193,-0.771597,0.334029,3.000000
32.600000,8.069894,-0.613390,0.679030,3.000000
32.650000,8.085912,-0.322166,0.814987,3.000000
32.700000,8.108225,0.083522,0.813124,3.000000
32.750000,8.131470,0.506161,0.718530,3.000000
32.800000,8.145491,0.761089,0.504174,3.000000
32.850000,8.149071,0.826187,0.158468,3.000000
32.900000,8.149071,0.784407,-0.274453,3.000000
32.950000,8.156857,0.642854,-0.643905,3.000000
33.000000,8.171864,0.369991,-0.806610,3.000000
33.050000,8.193478,-0.022993,-0.818882,3.000000
33.100000,8.217194,-0.454182,-0.737769,3.000000
33.150000,8.232873,-0.739254,-0.541870,3.000000
33.200000,8.237580,-0.824836,-0.212978,3.000000
33.250000,8.237580,-0.795401,0.213752,3.000000
33.300000,8.244493,-0.669708,0.604354,3.000000
33.350000,8.258475,-0.415477,0.795463,3.000000
33.400000,8.279317,-0.036535,0.823014,3.000000
33.450000,8.303279,0.399128,0.754820,3.000000
33.500000,8.320562,0.713378,0.576957,3.000000
33.550000,8.326507,0.821466,0.265477,3.000000
33.600000,8.326507,0.804665,-0.152540,3.000000
33.650000,8.332593,0.694021,-0.560500,3.000000
33.700000,8.345544,0.458547,-0.781242,3.000000
33.750000,8.365554,0.094725,-0.825485,3.000000
33.800000,8.389551,-0.341590,-0.769809,3.000000
33.850000,8.408342,-0.683233,-0.609403,3.000000
33.900000,8.415637,-0.815880,-0.315839,3.000000
33.950000,8.415637,-0.812264,0.091373,3.000000
34.000000,8.420938,-0.715885,0.512606,3.000000
34.050000,8.432860,-0.499129,0.763623,3.000000
34.100000,8.451990,-0.151306,0.826224,3.000000
34.150000,8.475833,0.282205,0.782861,3.000000
34.200000,8.495989,0.648680,0.639205,3.000000
34.250000,8.504743,0.807838,0.363959,3.000000
34.300000,8.504743,0.818231,-0.030743,3.000000
34.350000,8.509298,0.735416,-0.461063,3.000000
34.400000,8.520202,0.537159,-0.742288,3.000000
34.450000,8.538412,0.206064,-0.825119,3.000000
34.500000,8.561934,-0.221614,-0.794083,3.000000
34.550000,8.583279,-0.609695,-0.666393,3.000000
34.600000,8.593584,-0.797065,-0.409751,3.000000
34.650000,8.594987,-0.822574,-0.028934,3.000000
34.700000,8.594987,-0.752741,0.406373,3.000000
34.750000,8.604896,-0.572584,0.716947,3.000000
34.800000,8.622152,-0.258831,0.822020,3.000000
34.850000,8.645212,0.160435,0.803566,3.000000
34.900000,8.667539,0.566384,0.691028,3.000000
34.950000,8.679467,0.783258,0.453136,3.000000
35.000000,8.681777,0.825262,0.087313,3.000000
35.050000,8.681777,0.767989,-0.349121,3.000000
35.100000,8.690721,0.605371,-0.687362,3.000000
35.150000,8.706996,0.309474,-0.816732,3.000000
35.200000,8.729475,-0.099234,-0.811377,3.000000
35.250000,8.752561,-0.518991,-0.713202,3.000000
35.300000,8.766152,-0.766095,-0.494043,3.000000
35.350000,8.769459,-0.826229,-0.144114,3.000000
35.400000,8.769459,-0.781284,0.289937,3.000000
35.450000,8.777477,-0.635513,0.653381,3.000000
35.500000,8.792746,-0.357888,0.809021,3.000000
35.550000,8.814548,0.038509,0.817554,3.000000
35.600000,8.838164,0.467892,0.733026,3.000000
35.650000,8.853419,0.745256,0.532404,3.000000
35.700000,8.857825,0.825370,0.199118,3.000000
35.750000,8.857825,0.792737,-0.229467,3.000000
35.800000,8.864959,0.663035,-0.614965,3.000000
35.850000,8.879207,0.403984,-0.798617,3.000000
35.900000,8.900254,0.021311,-0.822106,3.000000
35.950000,8.924173,-0.413576,-0.750628,3.000000
36.000000,8.941050,-0.720446,-0.568167,3.000000
36.050000,8.946665,-0.822538,-0.252149,3.000000
36.100000,8.946665,-0.802440,0.168330,3.000000
36.150000,8.952960,-0.687994,0.572200,3.000000
36.200000,8.966177,-0.447684,0.785218,3.000000
36.250000,8.986407,-0.079874,0.825010,3.000000
36.300000,9.010414,0.356619,0.766137,3.000000
36.350000,9.028828,0.691418,0.601295,3.000000
36.400000,9.035765,0.817544,0.303072,3.000000
36.450000,9.035765,0.810463,-0.107102,3.000000
36.500000,9.041264,0.710479,-0.525315,3.000000
36.550000,9.053450,0.488914,-0.768506,3.000000
36.600000,9.072811,0.136893,-0.826204,3.000000
36.650000,9.096711,-0.297648,-0.779677,3.000000
36.700000,9.116530,-0.658009,-0.631777,3.000000
36.750000,9.124899,-0.810160,-0.351778,3.000000
36.800000,9.124899,-0.816849,0.046291,3.000000
36.850000,9.129642,-0.730600,0.474668,3.000000
36.900000,9.140807,-0.527607,0.748158,3.000000
36.950000,9.159258,-0.192138,0.825588,3.000000
37.000000,9.182877,0.237308,0.791361,3.000000
37.050000,9.203934,0.620161,0.659634,3.000000
37.100000,9.213832,0.800119,0.398178,3.000000
37.150000,9.215014,0.821611,0.013668,3.000000
37.200000,9.215014,0.748481,-0.420736,3.000000
37.250000,9.225177,0.563707,-0.723875,3.000000
37.300000,9.242682,0.245432,-0.823020,3.000000
37.350000,9.265873,-0.176224,-0.801285,3.000000
37.400000,9.287968,-0.577947,-0.684920,3.000000
37.450000,9.299472,-0.787124,-0.442191,3.000000
37.500000,9.301541,-0.824730,-0.072410,3.000000
37.550000,9.301541,-0.764252,0.364084,3.000000
37.600000,9.310730,-0.597175,0.695402,3.000000
37.650000,9.327260,-0.296633,0.818316,3.000000
37.700000,9.349898,0.114977,0.809521,3.000000
37.750000,9.372811,0.531575,0.707717,3.000000
37.800000,9.385972,0.770856,0.483743,3.000000
37.850000,9.389013,0.826150,0.129642,3.000000
37.900000,9.389013,0.778039,-0.305337,3.000000
37.950000,9.397265,0.627998,-0.662562,3.000000
38.000000,9.412795,0.345631,-0.811255,3.000000
38.050000,9.434780,-0.054086,-0.816117,3.000000
38.100000,9.458281,-0.481389,-0.728136,3.000000
38.150000,9.473110,-0.750995,-0.522766,3.000000
38.200000,9.477222,-0.825773,-0.185127,3.000000
38.250000,9.477222,-0.789956,0.245137,3.000000
38.300000,9.484580,-0.656191,0.625286,3.000000
38.350000,9.499092,-0.392332,0.801572,3.000000
38.400000,9.520340,-0.006004,0.821089,3.000000
38.450000,9.544202,0.427850,0.746298,3.000000
38.500000,9.560668,0.727234,0.559203,3.000000
38.550000,9.565961,0.823466,0.238680,3.000000
38.600000,9.565961,0.800102,-0.184115,3.000000
38.650000,9.572467,0.681803,-0.583625,3.000000
38.700000,9.585950,0.436657,-0.788975,3.000000
38.750000,9.606396,0.064921,-0.824422,3.000000
38.800000,9.630400,-0.371514,-0.762334,3.000000
38.850000,9.648428,-0.699312,-0.593012,3.000000
38.900000,9.655014,-0.819050,-0.290158,3.000000
38.950000,9.655014,-0.808553,0.122859,3.000000
39.000000,9.660714,-0.704916,0.537772,3.000000
39.050000,9.673165,-0.478530,0.773147,3.000000
39.100000,9.692755,-0.122361,0.826065,3.000000
39.150000,9.716699,0.313001,0.776370,3.000000
39.200000,9.736172,0.667042,0.624175,3.000000
39.250000,9.744161,0.812306,0.339445,3.000000
39.300000,9.744161,0.815358,-0.061895,3.000000
39.350000,9.749096,0.725634,-0.488054,3.000000
39.400000,9.760522,0.517882,-0.753766,3.000000
39.450000,9.779211,0.178083,-0.825927,3.000000
39.500000,9.802918,-0.252952,-0.788522,3.000000
39.550000,9.823674,-0.630337,-0.652705,3.000000
39.600000,9.833170,-0.802977,-0.386447,3.000000
39.650000,9.833170,-0.820540,0.001680,3.000000
39.700000,9.837375,-0.744080,0.434917,3.000000
39.750000,9.847793,-0.554655,0.730524,3.000000
39.800000,9.865545,-0.231894,0.823877,3.000000
39.850000,9.888859,0.192002,0.798892,3.000000
39.900000,9.910707,0.589234,0.678646,3.000000
39.950000,9.921792,0.790772,0.431082,3.000000
40.000000,9.923624,0.824086,0.057407,3.000000
40.050000,9.923624,0.760382,-0.378908,3.000000
40.100000,9.933061,0.588804,-0.703151,3.000000
40.150000,9.949845,0.283646,-0.819744,3.000000
40.200000,9.972636,-0.130745,-0.807557,3.000000
40.250000,9.995360,-0.543905,-0.702075,3.000000
40.300000,10.008091,-0.775379,-0.473275,3.000000
40.350000,10.010872,-0.825951,-0.115053,3.000000
40.400000,10.010872,-0.774669,0.320640,3.000000
40.450000,10.019362,-0.620308,0.671448,3.000000
40.500000,10.035152,-0.333221,0.813314,3.000000
40.550000,10.057314,0.069717,0.814573,3.000000
40.600000,10.080686,0.494662,0.723095,3.000000
40.650000,10.095085,0.756474,0.512956,3.000000
40.700000,10.098912,0.826049,0.171007,3.000000
40.750000,10.098912,0.787058,-0.260753,3.000000
40.800000,10.106495,0.649175,-0.635315,3.000000
40.850000,10.121271,0.380522,-0.804333,3.000000
40.900000,10.142716,-0.009382,-0.819963,3.000000
40.950000,10.166507,-0.441937,-0.741826,3.000000
41.000000,10.182556,-0.733745,-0.550064,3.000000
41.050000,10.187534,-0.824254,-0.225074,3.000000
41.100000,10.187534,-0.797653,0.199884,3.000000
41.150000,10.194255,-0.675446,0.594771,3.000000
41.200000,10.208004,-0.425467,0.792517,3.000000
41.250000,10.228662,-0.049869,0.823722,3.000000
41.300000,10.252650,0.386265,0.758398,3.000000
41.350000,10.270285,0.706917,0.584553,3.000000
41.400000,10.276527,0.820401,0.277098,3.000000
41.450000,10.276527,0.806534,-0.138635,3.000000
41.500000,10.282431,0.699194,-0.549973,3.000000
41.550000,10.295148,0.467978,-0.777553,3.000000
41.600000,10.314962,0.107716,-0.825808,3.000000
41.650000,10.338940,-0.328252,-0.772937,3.000000
41.700000,10.358054,-0.675780,-0.616398,3.000000
41.750000,10.365672,-0.814280,-0.326960,3.000000
41.800000,10.365672,-0.813760,0.077550,3.000000
41.850000,10.370800,-0.720518,0.501212,3.000000
41.900000,10.382489,-0.507986,0.759118,3.000000
41.950000,10.401414,-0.163900,0.826139,3.000000
42.000000,10.425198,0.268537,0.785565,3.000000
42.050000,10.445641,0.640220,0.645603,3.000000
42.100000,10.454739,0.805643,0.374559,3.000000
42.150000,10.454739,0.819360,-0.017102,3.000000
42.200000,10.459129,0.739537,-0.448907,3.000000
42.250000,10.469805,0.545429,-0.736898,3.000000
42.300000,10.487802,0.218220,-0.824597,3.000000
42.350000,10.511231,-0.207760,-0.796385,3.000000
42.400000,10.532817,-0.600239,-0.672205,3.000000
42.450000,10.543485,-0.794209,-0.419811,3.000000
42.500000,10.545087,-0.823331,-0.042308,3.000000
42.550000,10.545087,-0.756379,0.393582,3.000000
42.600000,10.554774,-0.580257,0.710612,3.000000
42.650000,10.571810,-0.270515,0.821020,3.000000
42.700000,10.594747,0.146528,0.805484,3.000000
42.750000,10.617267,0.555975,0.696273,3.000000
42.800000,10.629570,0.779669,0.462640,3.000000
42.850000,10.632098,0.825635,0.100351,3.000000
42.900000,10.632098,0.771174,-0.335835,3.000000
42.950000,10.640828,0.612443,-0.680039,3.000000
43.000000,10.656876,0.320660,-0.815204,3.000000
43.050000,10.679209,-0.085394,-0.812921,3.000000
43.100000,10.702436,-0.507703,-0.717903,3.000000
43.150000,10.716406,-0.761699,-0.502974,3.000000
43.200000,10.719953,-0.826199,-0.156762,3.000000
43.250000,10.719953,-0.784041,0.276303,3.000000
43.300000,10.727766,-0.641987,0.645051,3.000000
43.350000,10.742805,-0.368556,0.806907,3.000000
43.400000,10.764442,0.024840,0.818730,3.000000
43.450000,10.788146,0.455828,0.737212,3.000000
43.500000,10.803775,0.739984,0.540751,3.000000
43.550000,10.808445,0.824906,0.211332,3.000000
43.600000,10.808445,0.795090,-0.215628,3.000000
43.650000,10.815385,0.668922,-0.605634,3.000000
43.700000,10.829399,0.414115,-0.795850,3.000000
43.750000,10.850266,0.034724,-0.822912,3.000000
43.800000,10.874223,-0.400860,-0.754327,3.000000
43.850000,10.891458,-0.714235,-0.575918,3.000000
43.900000,10.897363,-0.821602,-0.263895,3.000000
43.950000,10.897363,-0.804406,0.154423,3.000000
44.000000,10.903474,-0.693311,0.561910,3.000000
44.050000,10.916456,-0.457260,0.781728,3.000000
44.100000,10.936493,-0.092959,0.825434,3.000000
44.150000,10.960492,0.343389,0.769378,3.000000
44.200000,10.979238,0.684224,0.608445,3.000000
44.250000,10.986491,0.816087,0.314324,3.000000
44.300000,10.986491,0.812054,-0.093247,3.000000
44.350000,10.991815,0.715249,-0.514135,3.000000
44.400000,11.003768,0.497920,-0.764218,3.000000
44.450000,11.022926,0.149594,-0.826228,3.000000
44.500000,11.046776,-0.284051,-0.782488,3.000000
44.550000,11.066893,-0.649808,-0.638328,3.000000
44.600000,11.075600,-0.808124,-0.362514,3.000000
44.650000,11.075600,-0.818072,0.032594,3.000000
44.700000,11.080178,-0.734850,0.462697,3.000000
44.750000,11.091113,-0.536029,0.743002,3.000000
44.800000,11.109352,-0.204410,0.825182,3.000000
44.850000,11.132886,0.223488,0.793765,3.000000
44.900000,11.154197,0.610959,0.665596,3.000000
44.950000,11.164454,0.797440,0.408379,3.000000
45.000000,11.165830,0.822465,0.027118,3.000000
45.050000,11.165830,0.752240,-0.408095,3.000000
45.100000,11.175769,0.571535,-0.717788,3.000000
45.150000,11.193055,0.257240,-0.822147,3.000000
45.200000,11.216131,-0.162318,-0.803300,3.000000
45.250000,11.238431,-0.567778,-0.690308,3.000000
45.300000,11.250308,-0.783730,-0.451839,3.000000
45.350000,11.252589,-0.825204,-0.085541,3.000000
45.400000,11.252589,-0.767550,0.350912,3.000000
45.450000,11.261563,-0.604403,0.688336,3.000000
45.500000,11.277867,-0.307950,0.816929,3.000000
45.550000,11.300366,0.101110,0.811161,3.000000
45.600000,11.323432,0.520505,0.712556,3.000000
45.650000,11.336972,0.766675,0.492823,3.000000
45.700000,11.340247,0.826226,0.142395,3.000000
45.750000,11.340247,0.780904,-0.291778,3.000000
45.800000,11.348292,0.634626,-0.654492,3.000000
45.850000,11.363593,0.356434,-0.809297,3.000000
45.900000,11.385417,-0.040364,-0.817388,3.000000
45.950000,11.409020,-0.469513,-0.732451,3.000000
46.000000,11.424224,-0.745954,-0.531264,3.000000
46.050000,11.428595,-0.825425,-0.197456,3.000000
46.100000,11.428595,-0.792411,0.231338,3.000000
46.150000,11.435755,-0.662228,0.616211,3.000000
46.200000,11.450035,-0.402603,0.798980,3.000000
46.250000,11.471106,-0.019490,0.821991,3.000000
46.300000,11.495019,0.415288,0.750119,3.000000
46.350000,11.511848,0.721270,0.567108,3.000000
46.400000,11.517424,0.822656,0.250550,3.000000
46.450000,11.517424,0.802167,-0.170213,3.000000
46.500000,11.523743,0.687265,-0.573577,3.000000
46.550000,11.536992,0.446377,-0.785678,3.000000
46.600000,11.557248,0.078096,-0.824946,3.000000
46.650000,11.581255,-0.358403,-0.765690,3.000000
46.700000,11.599624,-0.692375,-0.600316,3.000000
46.750000,11.606518,-0.817732,-0.301540,3.000000
46.800000,11.606518,-0.810240,0.108980,3.000000
46.850000,11.612041,-0.709824,0.526814,3.000000
46.900000,11.624259,-0.487684,0.769072,3.000000
46.950000,11.643647,-0.135166,0.826194,3.000000
47.000000,11.667553,0.299484,0.779289,3.000000
47.050000,11.687332,0.659102,0.630880,3.000000
47.100000,11.695655,0.810425,0.350316,3.000000
47.150000,11.695655,0.816677,-0.048149,3.000000
47.200000,11.700421,0.730015,-0.476276,3.000000
47.250000,11.711617,0.526456,-0.748841,3.000000
47.300000,11.730096,0.190469,-0.825635,3.000000
47.350000,11.753727,-0.239176,-0.791029,3.000000
47.400000,11.774749,-0.621390,-0.658817,3.000000
47.450000,11.784598,-0.800470,-0.396787,3.000000
47.500000,11.785754,-0.821489,-0.011841,3.000000
47.550000,11.785754,-0.747963,0.422436,3.000000
47.600000,11.795947,-0.562637,0.724682,3.000000
47.650000,11.813482,-0.243825,0.823129,3.000000
47.700000,11.836688,0.178106,0.801006,3.000000
47.750000,11.858754,0.579308,0.684180,3.000000
47.800000,11.870208,0.787570,0.440875,3.000000
47.850000,11.872248,0.824660,0.070626,3.000000
47.900000,11.872248,0.763797,-0.365860,3.000000
47.950000,11.881467,0.596186,-0.696341,3.000000
48.000000,11.898027,0.295092,-0.818495,3.000000
48.050000,11.920684,-0.116857,-0.809293,3.000000
48.100000,11.943575,-0.533059,-0.707053,3.000000
48.150000,11.956685,-0.771408,-0.482503,3.000000
48.200000,11.959694,-0.826132,-0.127908,3.000000
48.250000,11.959694,-0.777643,0.307167,3.000000
48.300000,11.967975,-0.627090,0.663638,3.000000
48.350000,11.983536,-0.344159,0.811509,3.000000
48.400000,12.005542,0.055948,0.815938,3.000000
48.450000,12.029029,0.482983,0.727543,3.000000
48.500000,12.043806,0.751662,0.521605,3.000000
48.550000,12.047885,0.825813,0.183450,3.000000
48.600000,12.047885,0.789617,-0.247002,3.000000
48.650000,12.055268,0.655363,-0.626497,3.000000
48.700000,12.069812,0.390932,-0.801911,3.000000
48.750000,12.091084,0.004173,-0.820961,3.000000
48.800000,12.114938,-0.429539,-0.745772,3.000000
48.850000,12.131355,-0.728025,-0.558122,3.000000
48.900000,12.136610,-0.823567,-0.237065,3.000000
48.950000,12.136610,-0.799816,0.185996,3.000000
49.000000,12.143142,-0.681054,0.584969,3.000000
49.050000,12.156656,-0.435331,0.789408,3.000000
49.100000,12.177127,-0.063131,0.824345,3.000000
49.150000,12.201130,0.373281,0.761871,3.000000
49.200000,12.219112,0.700234,0.592012,3.000000
49.250000,12.225657,0.819219,0.288608,3.000000
49.300000,12.225657,0.808318,-0.124739,3.000000
49.350000,12.231381,0.704242,-0.539241,3.000000
49.400000,12.243864,0.477280,-0.773685,3.000000
49.450000,12.263480,0.120621,-0.826041,3.000000
49.500000,12.287429,-0.314825,-0.775967,3.000000
49.550000,12.306860,-0.668100,-0.623257,3.000000
49.600000,12.314804,-0.812550,-0.337964,3.000000
49.650000,12.314804,-0.815173,0.063760,3.000000
49.700000,12.319762,-0.725032,0.489635,3.000000
49.750000,12.331220,-0.516711,0.754418,3.000000
49.800000,12.349937,-0.176398,0.825959,3.000000
49.850000,12.373654,0.254814,0.788176,3.000000
49.900000,12.394373,0.631531,0.651867,3.000000
49.950000,12.403821,0.803304,0.385037,3.000000
50.000000,12.403821,0.820405,-0.003515,3.000000
50.050000,12.408048,0.743546,-0.436596,3.000000
50.100000,12.418497,0.553564,-0.731298,3.000000
50.150000,12.436278,0.230271,-0.823970,3.000000
50.200000,12.459606,-0.193882,-0.798599,3.000000
50.250000,12.481424,-0.590561,-0.677886,3.000000
50.300000,12.492458,-0.791193,-0.429746,3.000000
50.350000,12.494263,-0.824002,-0.055611,3.000000
50.400000,12.494263,-0.759912,0.380666,3.000000
50.450000,12.503729,-0.587794,0.704056,3.000000
50.500000,12.520543,-0.282088,0.819904,3.000000
50.550000,12.543353,0.132627,0.807316,3.000000
50.600000,12.566053,0.545359,0.701392,3.000000
50.650000,12.578733,0.775903,0.472015,3.000000
50.700000,12.581484,0.825920,0.113305,3.000000
50.750000,12.581484,0.774259,-0.322458,3.000000
50.800000,12.590002,0.619379,-0.672488,3.000000
50.850000,12.605823,0.331731,-0.813548,3.000000
50.900000,12.628005,-0.071584,-0.814381,3.000000
50.950000,12.651361,-0.496229,-0.722484,3.000000
51.000000,12.665709,-0.757110,-0.511774,3.000000
51.050000,12.669502,-0.826073,-0.169315,3.000000
51.100000,12.669502,-0.786705,0.262611,3.000000
51.150000,12.677113,-0.648327,0.636491,3.000000
51.200000,12.691920,-0.379103,0.804650,3.000000
51.250000,12.713388,0.011222,0.819822,3.000000
51.300000,12.737169,0.443604,0.741284,3.000000
51.350000,12.753168,0.734503,0.548962,3.000000
51.400000,12.758109,0.824339,0.223442,3.000000
51.450000,12.758109,0.797353,-0.201763,3.000000
51.500000,12.764857,0.674677,-0.596082,3.000000
51.550000,12.778637,0.424121,-0.792925,3.000000
51.600000,12.799320,0.048068,-0.823632,3.000000
51.650000,12.823305,-0.388014,-0.757919,3.000000
51.700000,12.840893,-0.707805,-0.583532,3.000000
51.750000,12.847094,-0.820552,-0.275531,3.000000
51.800000,12.847094,-0.806286,0.140517,3.000000
51.850000,12.853022,-0.698501,0.551411,3.000000
51.900000,12.865771,-0.466709,0.778062,3.000000
51.950000,12.885612,-0.105962,0.825769,3.000000
52.000000,12.909593,0.330063,0.772520,3.000000
52.050000,12.928664,0.676803,0.615458,3.000000
52.100000,12.936238,0.814504,0.325461,3.000000
52.150000,12.936238,0.813563,-0.079420,3.000000
52.200000,12.941389,0.719898,-0.502766,3.000000
52.250000,12.953110,0.506795,-0.759739,3.000000
52.300000,12.972063,0.162201,-0.826156,3.000000
52.350000,12.995855,-0.270391,-0.785204,3.000000
52.400000,13.016259,-0.641379,-0.644744,3.000000
52.450000,13.025311,-0.805949,-0.373130,3.000000
52.500000,13.025311,-0.819212,0.018946,3.000000
52.550000,13.029723,-0.738986,0.450563,3.000000
52.600000,13.040430,-0.544317,0.737640,3.000000
52.650000,13.058456,-0.216580,0.824674,3.000000
52.700000,13.081897,0.209637,0.796079,3.000000
52.750000,13.103452,0.601532,0.671426,3.000000
52.800000,13.114071,0.794605,0.418456,3.000000
52.850000,13.115645,0.823233,0.040501,3.000000
52.900000,13.115645,0.755893,-0.395322,3.000000
52.950000,13.125362,0.579226,-0.711483,3.000000
53.000000,13.142428,0.268939,-0.821162,3.000000
53.050000,13.165382,-0.148411,-0.805229,3.000000
53.100000,13.187876,-0.557396,-0.695570,3.000000
53.150000,13.200128,-0.780165,-0.461361,3.000000
53.200000,13.202627,-0.825590,-0.098590,3.000000
53.250000,13.202627,-0.770748,0.337640,3.000000
53.300000,13.211386,-0.611494,0.681044,3.000000
53.350000,13.227465,-0.319152,0.815418,3.000000
53.400000,13.249818,0.087266,0.812717,3.000000
53.450000,13.273026,0.509243,0.717273,3.000000
53.500000,13.286945,0.762305,0.501773,3.000000
53.550000,13.290459,0.826208,0.155055,3.000000
53.600000,13.290459,0.783674,-0.278153,3.000000
53.650000,13.298300,0.641118,-0.646192,3.000000
53.700000,13.313370,0.367118,-0.807201,3.000000
53.750000,13.335029,-0.026688,-0.818575,3.000000
53.800000,13.358722,-0.457471,-0.736652,3.000000
53.850000,13.374301,-0.740710,-0.539628,3.000000
53.900000,13.378935,-0.824975,-0.209684,3.000000
53.950000,13.378935,-0.794776,0.217504,3.000000
54.000000,13.385901,-0.668132,0.606911,3.000000
54.050000,13.399947,-0.412751,0.796234,3.000000
54.100000,13.420838,-0.032912,0.822808,3.000000
54.150000,13.444790,0.402589,0.753832,3.000000
54.200000,13.461978,0.715089,0.574876,3.000000
54.250000,13.467843,0.821735,0.262311,3.000000
54.300000,13.467843,0.804145,-0.156306,3.000000
54.350000,13.473978,0.692598,-0.563315,3.000000
54.400000,13.486993,0.455971,-0.782210,3.000000
54.450000,13.507056,0.091192,-0.825382,3.000000
54.500000,13.531056,-0.345186,-0.768945,3.000000
54.550000,13.549758,-0.685212,-0.607485,3.000000
54.600000,13.556967,-0.816292,-0.312807,3.000000
54.650000,13.556967,-0.811844,0.095122,3.000000
54.700000,13.562315,-0.714610,0.515660,3.000000
54.750000,13.574300,-0.496708,0.764810,3.000000
54.800000,13.593485,-0.147879,0.826230,3.000000
54.850000,13.617343,0.285896,0.782113,3.000000
54.900000,13.637420,0.650932,0.637449,3.000000
54.950000,13.646081,0.808408,0.361068,3.000000
55.000000,13.646081,0.817911,-0.034446,3.000000
55.050000,13.650681,0.734281,-0.464327,3.000000
55.100000,13.661647,0.534896,-0.743712,3.000000
55.150000,13.679915,0.202755,-0.825243,3.000000
55.200000,13.703461,-0.225361,-0.793445,3.000000
55.250000,13.724738,-0.612218,-0.664796,3.000000
55.300000,13.734946,-0.797812,-0.407005,3.000000
55.350000,13.736296,-0.822354,-0.025300,3.000000
55.400000,13.736296,-0.751738,0.409815,3.000000
55.450000,13.746265,-0.570483,0.718625,3.000000
55.500000,13.763581,-0.255648,0.822272,3.000000
55.550000,13.786672,0.164201,0.803032,3.000000
55.600000,13.808945,0.569167,0.689586,3.000000
55.650000,13.820772,0.784200,0.450540,3.000000
55.700000,13.823024,0.825145,0.083768,3.000000
55.750000,13.823024,0.767110,-0.352702,3.000000
55.800000,13.832027,0.603432,-0.689306,3.000000
55.850000,13.848362,0.306425,-0.817124,3.000000
55.900000,13.870880,-0.102986,-0.810944,3.000000
55.950000,13.893926,-0.522015,-0.711908,3.000000
56.000000,13.907414,-0.767252,-0.491601,3.000000
56.050000,13.910657,-0.826221,-0.140673,3.000000
56.100000,13.910657,-0.780521,0.293618,3.000000
56.150000,13.918731,-0.633736,0.655598,3.000000
56.200000,13.934062,-0.354978,0.809570,3.000000
56.250000,13.955908,0.042219,0.817221,3.000000
56.300000,13.979498,0.471131,0.731873,3.000000
56.350000,13.994652,0.746649,0.530121,3.000000
56.400000,13.998987,0.825478,0.195793,3.000000
56.450000,13.998987,0.792084,-0.233208,3.000000
56.500000,14.006174,0.661418,-0.617453,3.000000
56.550000,14.020485,0.401220,-0.799340,3.000000
56.600000,14.041580,0.017668,-0.821874,3.000000
56.650000,14.065487,-0.416997,-0.749608,3.000000
56.700000,14.082267,-0.722090,-0.566045,3.000000
56.750000,14.087805,-0.822772,-0.248949,3.000000
56.800000,14.087805,-0.801892,0.172096,3.000000
56.850000,14.094149,-0.686533,0.574950,3.000000
56.900000,14.107430,-0.445069,0.786134,3.000000
56.950000,14.127711,-0.076317,0.824880,3.000000
57.000000,14.151719,0.360184,0.765242,3.000000
57.050000,14.170042,0.693327,0.599335,3.000000
57.100000,14.176894,0.817917,0.300005,3.000000
57.150000,14.176894,0.810017,-0.110858,3.000000
57.200000,14.182441,0.709167,-0.528309,3.000000
57.250000,14.194690,0.486452,-0.769634,3.000000
57.300000,14.214106,0.133438,-0.826182,3.000000
57.350000,14.238018,-0.301319,-0.778899,3.000000
57.400000,14.257755,-0.660190,-0.629980,3.000000
57.450000,14.266033,-0.810688,-0.348851,3.000000
57.500000,14.266033,-0.816503,0.050008,3.000000
57.550000,14.270822,-0.729429,0.477881,3.000000
57.600000,14.282049,-0.525303,0.749519,3.000000
57.650000,14.300557,-0.188798,0.825680,3.000000
57.700000,14.324198,0.241044,0.790695,3.000000
57.750000,14.345184,0.622615,0.657997,3.000000
57.800000,14.354985,0.800818,0.395394,3.000000
57.850000,14.356116,0.821366,0.010014,3.000000
57.900000,14.356116,0.747444,-0.424135,3.000000
57.950000,14.366339,0.561564,-0.725486,3.000000
58.000000,14.383903,0.242216,-0.823237,3.000000
58.050000,14.407124,-0.179988,-0.800724,3.000000
58.100000,14.429162,-0.580664,-0.683438,3.000000
58.150000,14.440566,-0.788013,-0.439556,3.000000
58.200000,14.442577,-0.824587,-0.068841,3.000000
58.250000,14.442577,-0.763341,0.367633,3.000000
58.300000,14.451825,-0.595195,0.697276,3.000000
58.350000,14.468416,-0.293549,0.818671,3.000000
58.400000,14.491092,0.118736,0.809063,3.000000
58.450000,14.513961,0.534539,0.706386,3.000000
58.500000,14.527019,0.771956,0.481261,3.000000
58.550000,14.529997,0.826113,0.126172,3.000000
58.600000,14.529997,0.777246,-0.308996,3.000000
58.650000,14.538306,0.626180,-0.664709,3.000000
58.700000,14.553898,0.342685,-0.811761,3.000000
58.750000,14.575925,-0.057810,-0.815758,3.000000
58.800000,14.599397,-0.484575,-0.726947,3.000000
58.850000,14.614124,-0.752325,-0.520442,3.000000
58.900000,14.618168,-0.825851,-0.181771,3.000000
58.950000,14.618168,-0.789276,0.248867,3.000000
59.000000,14.625578,-0.654533,0.627704,3.000000
59.050000,14.640154,-0.389530,0.802248,3.000000
59.100000,14.661449,-0.002341,0.820831,3.000000
59.150000,14.685295,0.431227,0.745244,3.000000
59.200000,14.701662,0.728812,0.557039,3.000000
59.250000,14.706879,0.823667,0.235448,3.000000
59.300000,14.706879,0.799528,-0.187877,3.000000
59.350000,14.713437,0.680302,-0.586309,3.000000
59.400000,14.726983,0.434003,-0.789839,3.000000
59.450000,14.747480,0.061340,-0.824266,3.000000
59.500000,14.771481,-0.375046,-0.761407,3.000000
59.550000,14.789417,-0.701152,-0.591010,3.000000
59.600000,14.795920,-0.819386,-0.287056,3.000000
59.650000,14.795920,-0.808081,0.126620,3.000000
59.700000,14.801668,-0.703566,0.540706,3.000000
59.750000,14.814183,-0.476028,0.774219,3.000000
59.800000,14.833826,-0.118879,0.826014,3.000000
59.850000,14.857780,0.316648,0.775562,3.000000
59.900000,14.877168,0.669153,0.622336,3.000000
59.950000,14.885068,0.812792,0.336481,3.000000
60.000000,14.885068,0.814987,-0.065625,3.000000
60.050000,14.890048,0.724428,-0.491213,3.000000
60.100000,14.901537,0.515537,-0.755066,3.000000
60.150000,14.920283,0.174712,-0.825989,3.000000
60.200000,14.944009,-0.256675,-0.787828,3.000000
60.250000,14.964692,-0.632721,-0.651026,3.000000
60.300000,14.974092,-0.803630,-0.383626,3.000000
60.350000,14.974092,-0.820268,0.005352,3.000000
60.400000,14.978341,-0.743009,0.438272,3.000000
60.450000,14.988821,-0.552470,0.732069,3.000000
60.500000,15.006631,-0.228645,0.824062,3.000000
60.550000,15.029973,0.195762,0.798304,3.000000
60.600000,15.051760,0.591884,0.677125,3.000000
60.650000,15.062745,0.791611,0.428408,3.000000
60.700000,15.064522,0.823916,0.053814,3.000000
60.750000,15.064522,0.759440,-0.382422,3.000000
60.800000,15.074018,0.586782,-0.704956,3.000000
60.850000,15.090862,0.280527,-0.820062,3.000000
60.900000,15.113689,-0.134508,-0.807073,3.000000
60.950000,15.136365,-0.546808,-0.700706,3.000000
61.000000,15.148994,-0.776423,-0.470753,3.000000
61.050000,15.151715,-0.825886,-0.111556,3.000000
61.100000,15.151715,-0.773847,0.324274,3.000000
61.150000,15.160262,-0.618448,0.673524,3.000000
61.200000,15.176113,-0.330239,0.813780,3.000000
61.250000,15.198316,0.073452,0.814189,3.000000
61.300000,15.221655,0.497794,0.721871,3.000000
61.350000,15.235952,0.757743,0.510590,3.000000
61.400000,15.239712,0.826096,0.167621,3.000000
61.450000,15.239712,0.786350,-0.264468,3.000000
61.500000,15.247350,0.647477,-0.637664,3.000000
61.550000,15.262188,0.377682,-0.804964,3.000000
61.600000,15.283679,-0.013062,-0.819679,3.000000
61.650000,15.307451,-0.445268,-0.740739,3.000000
61.700000,15.323400,-0.735258,-0.547858,3.000000
61.750000,15.328304,-0.824422,-0.221809,3.000000
61.800000,15.328304,-0.797052,0.203642,3.000000
61.850000,15.335077,-0.673905,0.597388,3.000000
61.900000,15.348889,-0.422774,0.793331,3.000000
61.950000,15.369597,-0.046265,0.823539,3.000000
62.000000,15.393579,0.389760,0.757439,3.000000
62.050000,15.411120,0.708688,0.582509,3.000000
62.100000,15.417280,0.820701,0.273962,3.000000
62.150000,15.417280,0.806037,-0.142400,3.000000
62.200000,15.423233,0.697806,-0.552844,3.000000
62.250000,15.436013,0.465437,-0.778569,3.000000
62.300000,15.455881,0.104206,-0.825729,3.000000
62.350000,15.479865,-0.331873,-0.772100,3.000000
62.400000,15.498893,-0.677821,-0.614517,3.000000
62.450000,15.506422,-0.814726,-0.323959,3.000000
62.500000,15.506422,-0.813363,0.081290,3.000000
62.550000,15.511597,-0.719275,0.504316,3.000000
62.600000,15.523349,-0.505601,0.760357,3.000000
62.650000,15.542330,-0.160499,0.826172,3.000000
62.700000,15.566131,0.272244,0.784842,3.000000
62.750000,15.586497,0.642533,0.643884,3.000000
62.800000,15.595501,0.806252,0.371700,3.000000
62.850000,15.595501,0.819063,-0.020791,3.000000
62.900000,15.599936,0.738432,-0.452215,3.000000
62.950000,15.610673,0.543203,-0.738378,3.000000
63.000000,15.628728,0.214938,-0.824749,3.000000
63.050000,15.652183,-0.211514,-0.795771,3.000000
63.100000,15.673705,-0.602821,-0.670644,3.000000
63.150000,15.684275,-0.794998,-0.417099,3.000000
63.200000,15.685822,-0.823134,-0.038693,3.000000
63.250000,15.685822,-0.755405,0.397059,3.000000
63.300000,15.695569,-0.578193,0.712349,3.000000
63.350000,15.712664,-0.267361,0.821302,3.000000
63.400000,15.735635,0.150294,0.804973,3.000000
63.450000,15.758104,0.558814,0.694865,3.000000
63.500000,15.770305,0.780658,0.460079,3.000000
63.550000,15.772774,0.825543,0.096828,3.000000
63.600000,15.772774,0.770321,-0.339442,3.000000
63.650000,15.781562,0.610541,-0.682045,3.000000
63.700000,15.797671,0.317642,-0.815630,3.000000
63.750000,15.820044,-0.089139,-0.812511,3.000000
63.800000,15.843235,-0.510779,-0.716641,3.000000
63.850000,15.857102,-0.762908,-0.500569,3.000000
63.900000,15.860584,-0.826216,-0.153346,3.000000
63.950000,15.860584,-0.783304,0.280002,3.000000
64.000000,15.868452,-0.640247,0.647329,3.000000
64.050000,15.883553,-0.365679,0.807493,3.000000
64.100000,15.905235,0.028537,0.818419,3.000000
64.150000,15.928917,0.459111,0.736089,3.000000
64.200000,15.944444,0.741432,0.538504,3.000000
64.250000,15.949043,0.825042,0.208034,3.000000
64.300000,15.949043,0.794461,-0.219379,3.000000
64.350000,15.956034,0.667340,-0.608183,3.000000
64.400000,15.970112,0.411384,-0.796615,3.000000
64.450000,15.991028,0.031098,-0.822702,3.000000
64.500000,16.014976,-0.404316,-0.753336,3.000000
64.550000,16.032115,-0.715939,-0.573832,3.000000
64.600000,16.037941,-0.821866,-0.260725,3.000000
64.650000,16.037941,-0.803882,0.158189,3.000000
64.700000,16.044101,-0.691884,0.564717,3.000000
64.750000,16.057147,-0.454680,0.782690,3.000000
64.800000,16.077236,-0.089424,0.825328,3.000000
64.850000,16.101238,0.346982,0.768510,3.000000
64.900000,16.119895,0.686195,0.606522,3.000000
64.950000,16.127061,0.816494,0.311288,3.000000
65.000000,16.127061,0.811632,-0.096997,3.000000
65.050000,16.132433,0.713969,-0.517181,3.000000
65.100000,16.144449,0.495494,-0.765398,3.000000
65.150000,16.163662,0.146163,-0.826231,3.000000
65.200000,16.187527,-0.287740,-0.781736,3.000000
65.250000,16.207564,-0.652052,-0.636568,3.000000
65.300000,16.216179,-0.808689,-0.359619,3.000000
65.350000,16.216179,-0.817749,0.036299,3.000000
65.400000,16.220801,-0.733710,0.465955,3.000000
65.450000,16.231798,-0.533761,0.744419,3.000000
65.500000,16.250095,-0.201097,0.825302,3.000000
65.550000,16.273653,0.227234,0.793123,3.000000
65.600000,16.294896,0.613473,0.663994,3.000000
65.650000,16.305055,0.798181,0.405629,3.000000
65.700000,16.306379,0.822242,0.023482,3.000000
65.750000,16.306379,0.751233,-0.411532,3.000000
65.800000,16.316378,0.569428,-0.719458,3.000000
65.850000,16.333723,0.254053,-0.822394,3.000000
65.900000,16.356831,-0.166084,-0.802763,3.000000
65.950000,16.379077,-0.570552,-0.688862,3.000000
66.000000,16.390853,-0.784666,-0.449239,3.000000
66.050000,16.393076,-0.825085,-0.081993,3.000000
66.100000,16.393076,-0.766667,0.354489,3.000000
66.150000,16.402108,-0.602459,0.690272,3.000000
66.200000,16.418473,-0.304897,0.817317,3.000000
66.250000,16.441010,0.104863,0.810725,3.000000
66.300000,16.464036,0.523522,0.711258,3.000000
66.350000,16.477473,0.767826,0.490377,3.000000
66.400000,16.480685,0.826214,0.138950,3.000000
66.450000,16.480685,0.780137,-0.295457,3.000000
66.500000,16.488786,0.632844,-0.656700,3.000000
66.550000,16.504148,0.353520,-0.809841,3.000000
66.600000,16.526016,-0.044076,-0.817052,3.000000
66.650000,16.549593,-0.472746,-0.731294,3.000000
66.700000,16.564696,-0.747339,-0.528976,3.000000
66.750000,16.568996,-0.825529,-0.194127,3.000000
66.800000,16.568996,-0.791755,0.235078,3.000000
66.850000,16.576209,-0.660606,0.618690,3.000000
66.900000,16.590552,-0.399834,0.799697,3.000000
66.950000,16.611671,-0.015844,0.821755,3.000000
67.000000,16.635571,0.418704,0.749095,3.000000
67.050000,16.652303,0.722906,0.564980,3.000000
67.100000,16.657801,0.822886,0.247346,3.000000
67.150000,16.657801,0.801616,-0.173978,3.000000
67.200000,16.664171,0.685799,-0.576319,3.000000
67.250000,16.677484,0.443758,-0.786587,3.000000
67.300000,16.697791,0.074536,-0.824813,3.000000
67.350000,16.721798,-0.361964,-0.764791,3.000000
67.400000,16.740076,-0.694276,-0.598352,3.000000
67.450000,16.746886,-0.818101,-0.298469,3.000000
67.500000,16.746886,-0.809792,0.112736,3.000000
67.550000,16.752457,-0.708507,0.529801,3.000000
67.600000,16.764737,-0.485218,0.770194,3.000000
67.650000,16.784181,-0.131707,0.826168,3.000000
67.700000,16.808098,0.303152,0.778508,3.000000
67.750000,16.827795,0.661275,0.629077,3.000000
67.800000,16.836027,0.810948,0.347384,3.000000
67.850000,16.836027,0.816328,-0.051867,3.000000
67.900000,16.840838,0.728840,-0.479482,3.000000
67.950000,16.852097,0.524147,-0.750194,3.000000
68.000000,16.870633,0.187125,-0.825724,3.000000
68.050000,16.894285,-0.242911,-0.790359,3.000000
68.100000,16.915236,-0.623835,-0.657175,3.000000
68.150000,16.924989,-0.801164,-0.393999,3.000000
68.200000,16.926093,-0.821241,-0.008186,3.000000
68.250000,16.926093,-0.746922,0.425830,3.000000
68.300000,16.936347,-0.560489,0.726285,3.000000
68.350000,16.953940,-0.240605,0.823343,3.000000
68.400000,16.977176,0.181870,0.800442,3.000000
68.450000,16.999185,0.582017,0.682694,3.000000
68.500000,17.010539,0.788454,0.438235,3.000000
68.550000,17.012522,0.824513,0.067054,3.000000
68.600000,17.012522,0.762883,-0.369404,3.000000
68.650000,17.021799,0.594201,-0.698207,3.000000
68.700000,17.038420,0.292004,-0.818845,3.000000
68.750000,17.061114,-0.120616,-0.808831,3.000000
68.800000,17.083961,-0.536016,-0.705717,3.000000
68.850000,17.096968,-0.772501,-0.480017,3.000000
68.900000,17.099915,-0.826092,-0.124435,3.000000
68.950000,17.099915,-0.776848,0.310823,3.000000
69.000000,17.108252,-0.625267,0.665775,3.000000
69.050000,17.123876,-0.341208,0.812011,3.000000
69.100000,17.145924,0.059673,0.815577,3.000000
69.150000,17.169381,0.486163,0.726350,3.000000
69.200000,17.184056,0.752984,0.519276,3.000000
69.250000,17.188066,0.825886,0.180090,3.000000
69.300000,17.188066,0.788933,-0.250730,3.000000
69.350000,17.195504,0.653701,-0.628907,3.000000
69.400000,17.210110,0.388125,-0.802582,3.000000
69.450000,17.231429,0.000508,-0.820699,3.000000
69.500000,17.255267,-0.432911,-0.744715,3.000000
69.550000,17.271585,-0.729595,-0.555953,3.000000
69.600000,17.276764,-0.823764,-0.233828,3.000000
69.650000,17.276764,-0.799239,0.189759,3.000000
69.700000,17.283347,-0.679548,0.587645,3.000000
69.750000,17.296925,-0.432672,0.790266,3.000000
69.800000,17.317447,-0.059547,0.824185,3.000000
69.850000,17.341447,0.376809,0.760941,3.000000
69.900000,17.359336,0.702066,0.590006,3.000000
69.950000,17.365798,0.819551,0.285502,3.000000
70.000000,17.365798,0.807843,-0.128501,3.000000
70.050000,17.371570,0.702887,-0.542167,3.000000
70.100000,17.384116,0.474774,-0.774750,3.000000
70.150000,17.403787,0.117135,-0.825986,3.000000
70.200000,17.427745,-0.318469,-0.775156,3.000000
70.250000,17.447090,-0.670202,-0.621413,3.000000
70.300000,17.454946,-0.813031,-0.334995,3.000000
70.350000,17.454946,-0.814799,0.067491,3.000000
70.400000,17.459949,-0.723821,0.492788,3.000000
70.450000,17.471470,-0.514361,0.755710,3.000000
70.500000,17.490243,-0.173023,0.826017,3.000000
70.550000,17.513979,0.258535,0.787478,3.000000
70.600000,17.534624,0.633906,0.650184,3.000000
70.650000,17.543977,0.803952,0.382212,3.000000
70.700000,17.543977,0.820130,-0.007189,3.000000
70.750000,17.548248,0.742471,-0.439945,3.000000
70.800000,17.558759,0.551374,-0.732836,3.000000
70.850000,17.576598,0.227018,-0.824151,3.000000
70.900000,17.599954,-0.197642,-0.798008,3.000000
70.950000,17.621710,-0.593203,-0.676361,3.000000
71.000000,17.632646,-0.792026,-0.427068,3.000000
71.050000,17.634395,-0.823829,-0.052016,3.000000
71.100000,17.634395,-0.758966,0.384176,3.000000
71.150000,17.643921,-0.585767,0.705853,3.000000
71.200000,17.660795,-0.278965,0.820218,3.000000
71.250000,17.683639,0.136390,0.806828,3.000000
71.300000,17.706292,0.548254,0.700018,3.000000
71.350000,17.718870,0.776940,0.469489,3.000000
71.400000,17.721560,0.825851,0.109806,3.000000
71.450000,17.721560,0.773433,-0.326089,3.000000
71.500000,17.730135,0.617515,-0.674555,3.000000
71.550000,17.746018,0.328745,-0.814009,3.000000
71.600000,17.768241,-0.075321,-0.813994,3.000000
71.650000,17.791563,-0.499355,-0.721255,3.000000
71.700000,17.805809,-0.758372,-0.509404,3.000000
71.750000,17.809535,-0.826117,-0.165925,3.000000
71.800000,17.809535,-0.785993,0.266324,3.000000
71.850000,17.817200,-0.646624,0.638832,3.000000
71.900000,17.832070,-0.376259,0.805275,3.000000
71.950000,17.853584,0.014904,0.819534,3.000000
72.000000,17.877346,0.446929,0.740192,3.000000
72.050000,17.893245,0.736008,0.546752,3.000000
72.100000,17.898112,0.824503,0.220173,3.000000
72.150000,17.898112,0.796749,-0.205520,3.000000
72.200000,17.904911,0.673131,-0.598691,3.000000
72.250000,17.918755,0.421424,-0.793733,3.000000
72.300000,17.939488,0.044461,-0.823445,3.000000
72.350000,17.963466,-0.391505,-0.756957,3.000000
72.400000,17.980960,-0.709568,-0.581484,3.000000
72.450000,17.987080,-0.820847,-0.272391,3.000000
72.500000,17.987080,-0.805785,0.144283,3.000000
72.550000,17.993057,-0.697108,0.554274,3.000000
72.600000,18.005869,-0.464163,0.779072,3.000000
72.650000,18.025764,-0.102449,0.825687,3.000000
72.700000,18.049751,0.333681,0.771679,3.000000
72.750000,18.068734,0.678835,0.613573,3.000000
72.800000,18.076220,0.814945,0.322456,3.000000
72.850000,18.076220,0.813162,-0.083161,3.000000
72.900000,18.081418,0.718651,-0.505863,3.000000
72.950000,18.093202,0.504404,-0.760971,3.000000
73.000000,18.112210,0.158796,-0.826185,3.000000
73.050000,18.136019,-0.274096,-0.784478,3.000000
73.100000,18.156347,-0.643684,-0.643020,3.000000
73.150000,18.165304,-0.806552,-0.370267,3.000000
73.200000,18.165304,-0.818912,0.022637,3.000000
73.250000,18.169761,-0.737877,0.453864,3.000000
73.300000,18.180530,-0.542086,0.739113,3.000000
73.350000,18.198613,-0.213295,0.824822,3.000000
73.400000,18.222081,0.213391,0.795461,3.000000
73.450000,18.243570,0.604107,0.669860,3.000000
73.500000,18.254091,0.795388,0.415739,3.000000
73.550000,18.255611,0.823034,0.036884,3.000000
73.600000,18.255611,0.754914,-0.398794,3.000000
73.650000,18.265388,0.577157,-0.713212,3.000000
73.700000,18.282514,0.265782,-0.821440,3.000000
73.750000,18.305501,-0.152177,-0.804715,3.000000
73.800000,18.327944,-0.560228,-0.694158,3.000000
73.850000,18.340095,-0.781148,-0.458795,3.000000
73.900000,18.342534,-0.825494,-0.095065,3.000000
73.950000,18.342534,-0.769892,0.341243,3.000000
74.000000,18.351351,-0.609587,0.683041,3.000000
74.050000,18.367491,-0.316130,0.815840,3.000000
74.100000,18.389884,0.091012,0.812304,3.000000
74.150000,18.413055,0.512311,0.716008,3.000000
74.200000,18.426871,0.763508,0.499362,3.000000
74.250000,18.430320,0.826223,0.151636,3.000000
74.300000,18.430320,0.782933,-0.281849,3.000000
74.350000,18.438216,0.639374,-0.648462,3.000000
74.400000,18.453349,0.364237,-0.807783,3.000000
74.450000,18.475053,-0.030387,-0.818262,3.000000
74.500000,18.498723,-0.460748,-0.735525,3.000000
74.550000,18.514200,-0.742150,-0.537377,3.000000
74.600000,18.518762,-0.825107,-0.206383,3.000000
74.650000,18.518762,-0.794145,0.221253,3.000000
74.700000,18.525780,-0.666546,0.609451,3.000000
74.750000,18.539890,-0.410015,0.796993,3.000000
74.800000,18.560830,-0.029284,0.822595,3.000000
74.850000,18.584773,0.406041,0.752837,3.000000
74.900000,18.601864,0.716784,0.572786,3.000000
74.950000,18.607650,0.821995,0.259137,3.000000
75.000000,18.607650,0.803618,-0.160072,3.000000
75.050000,18.613835,0.691167,-0.566115,3.000000
75.100000,18.626913,0.453386,-0.783166,3.000000
75.150000,18.647028,0.087654,-0.825273,3.000000
75.200000,18.671032,-0.348775,-0.768074,3.000000
75.250000,18.689644,-0.687174,-0.605557,3.000000
75.300000,18.696767,-0.816694,-0.309767,3.000000
75.350000,18.696767,-0.811418,0.098872,3.000000
75.400000,18.702162,-0.713326,0.518699,3.000000
75.450000,18.714210,-0.494277,0.765982,3.000000
75.500000,18.733451,-0.144446,0.826229,3.000000
75.550000,18.757322,0.289582,0.781357,3.000000
75.600000,18.777319,0.653167,0.635683,3.000000
75.650000,18.785889,0.808968,0.358168,3.000000
75.700000,18.785889,0.817585,-0.038152,3.000000
75.750000,18.790533,0.733137,-0.467579,3.000000
75.800000,18.801561,0.532624,-0.745121,3.000000
75.850000,18.819887,0.199438,-0.825359,3.000000
75.900000,18.843457,-0.229106,-0.792799,3.000000
75.950000,18.864666,-0.614724,-0.663190,3.000000
76.000000,18.874776,-0.798547,-0.404250,3.000000
76.050000,18.876073,-0.822128,-0.021662,3.000000
76.100000,18.876073,-0.750726,0.413246,3.000000
76.150000,18.886102,-0.568371,0.720287,3.000000
76.200000,18.903478,-0.252457,0.822515,3.000000
76.250000,18.926601,0.167967,0.802492,3.000000
76.300000,18.948819,0.571934,0.688135,3.000000
76.350000,18.960545,0.785129,0.447935,3.000000
76.400000,18.962739,0.825022,0.080217,3.000000
76.450000,18.962739,0.766223,-0.356275,3.000000
76.500000,18.971800,0.601483,-0.691233,3.000000
76.550000,18.988196,0.303367,-0.817508,3.000000
76.600000,19.010752,-0.106740,-0.810505,3.000000
76.650000,19.033758,-0.525025,-0.710605,3.000000
76.700000,19.047143,-0.768396,-0.489150,3.000000
76.750000,19.050323,-0.826206,-0.137225,3.000000
76.800000,19.050323,-0.779751,0.297294,3.000000
76.850000,19.058452,-0.631950,0.657798,3.000000
76.900000,19.073846,-0.352060,0.810109,3.000000
76.950000,19.095735,0.045933,0.816882,3.000000
77.000000,19.119299,0.474357,0.730712,3.000000
77.050000,19.134350,0.748026,0.527828,3.000000
77.100000,19.138616,0.825579,0.192460,3.000000
77.150000,19.138616,0.791425,-0.236948,3.000000
77.200000,19.145856,0.659791,-0.619924,3.000000
77.250000,19.160230,0.398446,-0.800051,3.000000
77.300000,19.181373,0.014019,-0.821635,3.000000
77.350000,19.205266,-0.420407,-0.748580,3.000000
77.400000,19.221949,-0.723719,-0.563913,3.000000
77.450000,19.227409,-0.822998,-0.245742,3.000000
77.500000,19.227409,-0.801339,0.175861,3.000000
77.550000,19.233804,-0.685062,0.577685,3.000000
77.600000,19.247148,-0.442444,0.787037,3.000000
77.650000,19.267481,-0.072754,0.824744,3.000000
77.700000,19.291488,0.363742,0.764339,3.000000
77.750000,19.309720,0.695220,0.597366,3.000000
77.800000,19.316488,0.818282,0.296930,3.000000
77.850000,19.316488,0.809565,-0.114615,3.000000
77.900000,19.322083,0.707845,-0.531289,3.000000
77.950000,19.334395,0.483981,-0.770750,3.000000
78.000000,19.353866,0.129976,-0.826153,3.000000
78.050000,19.377788,-0.304984,-0.778115,3.000000
78.100000,19.397444,-0.662355,-0.628173,3.000000
78.150000,19.405630,-0.811205,-0.345914,3.000000
78.200000,19.405630,-0.816151,0.053728,3.000000
78.250000,19.410465,-0.728250,0.481081,3.000000
78.300000,19.421754,-0.522989,0.750866,3.000000
78.350000,19.440319,-0.185450,0.825766,3.000000
78.400000,19.463981,0.244777,0.790022,3.000000
78.450000,19.484897,0.625052,0.656350,3.000000
78.500000,19.494602,0.801506,0.392602,3.000000
78.550000,19.495680,0.821114,0.006356,3.000000
78.600000,19.495680,0.746399,-0.427524,3.000000
78.650000,19.505964,0.559411,-0.727081,3.000000
78.700000,19.523587,0.238991,-0.823446,3.000000
78.750000,19.546838,-0.183752,-0.800157,3.000000
78.800000,19.568817,-0.583366,-0.681948,3.000000
78.850000,19.580121,-0.788891,-0.436912,3.000000
78.900000,19.582076,-0.824437,-0.065266,3.000000
78.950000,19.582076,-0.762423,0.371174,3.000000
79.000000,19.591383,-0.593204,0.699134,3.000000
79.050000,19.608034,-0.290456,0.819017,3.000000
79.100000,19.630747,0.122496,0.808598,3.000000
79.150000,19.653571,0.537489,0.705046,3.000000
79.200000,19.666527,0.773043,0.478770,3.000000
79.250000,19.669443,0.826070,0.122697,3.000000
79.300000,19.669443,0.776447,-0.312649,3.000000
79.350000,19.677808,0.624352,-0.666838,3.000000
79.400000,19.693463,0.339730,-0.812258,3.000000
79.450000,19.715532,-0.061536,-0.815394,3.000000
79.500000,19.738974,-0.487748,-0.725750,3.000000
79.550000,19.753598,-0.753640,-0.518108,3.000000
79.600000,19.757573,-0.825921,-0.178407,3.000000
79.650000,19.757573,-0.788589,0.252593,3.000000
79.700000,19.765038,-0.652866,0.630106,3.000000
79.750000,19.779676,-0.386718,0.802913,3.000000
79.800000,19.801019,0.001326,0.820566,3.000000
79.850000,19.824848,0.434593,0.744183,3.000000
79.900000,19.841116,0.730374,0.554865,3.000000
79.950000,19.846258,0.823859,0.232207,3.000000
80.000000,19.846258,0.798948,-0.191639,3.000000
80.050000,19.852867,0.678792,-0.588977,3.000000
80.100000,19.866476,0.431339,-0.790691,3.000000
80.150000,19.887024,0.057753,-0.824102,3.000000
80.200000,19.911021,-0.378569,-0.760473,3.000000
80.250000,19.928864,-0.702976,-0.588999,3.000000
80.300000,19.935284,-0.819713,-0.283946,3.000000
80.350000,19.935284,-0.807604,0.130382,3.000000
80.400000,19.941081,-0.702207,0.543625,3.000000
80.450000,19.953659,-0.473517,0.775278,3.000000
80.500000,19.973356,-0.115389,0.825957,3.000000
80.550000,19.997318,0.320289,0.774748,3.000000
80.600000,20.016621,0.671247,0.620487,3.000000
80.650000,20.024432,0.813268,0.333508,3.000000
80.700000,20.024432,0.814609,-0.069357,3.000000
80.750000,20.029459,0.723213,-0.494359,3.000000
80.800000,20.041011,0.513183,-0.756351,3.000000
80.850000,20.059812,0.171333,-0.826044,3.000000
80.900000,20.083557,-0.260394,-0.787126,3.000000
80.950000,20.104166,-0.635088,-0.649338,3.000000
81.000000,20.113471,-0.804272,-0.380796,3.000000
81.050000,20.113471,-0.819991,0.009028,3.000000
81.100000,20.117764,-0.741931,0.441615,3.000000
81.150000,20.128305,-0.550276,0.733598,3.000000
81.200000,20.146174,-0.225388,0.824238,3.000000
81.250000,20.169544,0.199522,0.797710,3.000000
81.300000,20.191269,0.594518,0.675594,3.000000
81.350000,20.202154,0.792438,0.425726,3.000000
81.400000,20.203876,0.823740,0.050216,3.000000
81.450000,20.203876,0.758490,-0.385927,3.000000
81.500000,20.213432,0.584749,-0.706746,3.000000
81.550000,20.230336,0.277400,-0.820371,3.000000
81.600000,20.253198,-0.138272,-0.806582,3.000000
81.650000,20.275826,-0.549696,-0.699327,3.000000
81.700000,20.288353,-0.777454,-0.468222,3.000000
81.750000,20.291013,-0.825815,-0.108054,3.000000
81.800000,20.291013,-0.773018,0.327902,3.000000
81.850000,20.299617,-0.616578,0.675583,3.000000
81.900000,20.315530,-0.327248,0.814236,3.000000
81.950000,20.337774,0.077190,0.813798,3.000000
82.000000,20.361079,0.500912,0.720637,3.000000
82.050000,20.375274,0.758998,0.508216,3.000000
82.100000,20.378966,0.826136,0.164228,3.000000
82.150000,20.378966,0.785634,-0.268179,3.000000
82.200000,20.386659,0.645768,-0.639996,3.000000
82.250000,20.401560,0.374834,-0.805584,3.000000
82.300000,20.423097,-0.016747,-0.819388,3.000000
82.350000,20.446848,-0.448588,-0.739643,3.000000
82.400000,20.462698,-0.736755,-0.545643,3.000000
82.450000,20.467528,-0.824582,-0.218535,3.000000
82.500000,20.467528,-0.796444,0.207398,3.000000
82.550000,20.474353,-0.672355,0.599989,3.000000
82.600000,20.488229,-0.420072,0.794133,3.000000
82.650000,20.508986,-0.042656,0.823349,3.000000
82.700000,20.532961,0.393247,0.756473,3.000000
82.750000,20.550407,0.710444,0.580456,3.000000
82.800000,20.556487,0.820992,0.270818,3.000000
82.850000,20.556487,0.805533,-0.146165,3.000000
82.900000,20.562489,0.696408,-0.555700,3.000000
82.950000,20.575333,0.462886,-0.779573,3.000000
83.000000,20.595253,0.100690,-0.825644,3.000000
83.050000,20.619243,-0.335487,-0.771256,3.000000
83.100000,20.638183,-0.679845,-0.612626,3.000000
83.150000,20.645625,-0.815162,-0.320951,3.000000
83.200000,20.645625,-0.812960,0.085033,3.000000
83.250000,20.650847,-0.718024,0.507406,3.000000
83.300000,20.662662,-0.503206,0.761582,3.000000
83.350000,20.681698,-0.157091,0.826197,3.000000
83.400000,20.705515,0.275947,0.784112,3.000000
83.450000,20.725804,0.644830,0.642154,3.000000
83.500000,20.734715,0.806850,0.368833,3.000000
83.550000,20.734715,0.818759,-0.024484,3.000000
83.600000,20.739194,0.737319,-0.455511,3.000000
83.650000,20.749993,0.540967,-0.739843,3.000000
83.700000,20.768106,0.211649,-0.824893,3.000000
83.750000,20.791586,-0.215267,-0.795150,3.000000
83.800000,20.813043,-0.605388,-0.669073,3.000000
83.850000,20.823514,-0.795776,-0.414378,3.000000
83.900000,20.825008,-0.822931,-0.035073,3.000000
83.950000,20.825008,-0.754422,0.400526,3.000000
84.000000,20.834814,-0.576118,0.714070,3.000000
84.050000,20.851970,-0.264200,0.821576,3.000000
84.100000,20.874974,0.154060,0.804456,3.000000
84.150000,20.897391,0.561639,0.693448,3.000000
84.200000,20.909491,0.781634,0.457509,3.000000
84.250000,20.911900,0.825444,0.093300,3.000000
84.300000,20.911900,0.769461,-0.343043,3.000000
84.350000,20.920746,0.608630,-0.684033,3.000000
84.400000,20.936917,0.314616,-0.816047,3.000000
84.450000,20.959330,-0.092886,-0.812095,3.000000
84.500000,20.982482,-0.513840,-0.715372,3.000000
84.550000,20.996246,-0.764104,-0.498153,3.000000
84.600000,20.999663,-0.826227,-0.149924,3.000000
84.650000,20.999663,-0.782560,0.283695,3.000000
84.700000,21.007587,-0.638497,0.649591,3.000000
84.750000,21.022750,-0.362793,0.808069,3.000000
84.800000,21.044477,0.032237,0.818103,3.000000
84.850000,21.068135,0.462382,0.734959,3.000000
84.900000,21.083562,0.742865,0.536247,3.000000
84.950000,21.088088,0.825170,0.204729,3.000000
85.000000,21.088088,0.793826,-0.223127,3.000000
85.050000,21.095133,0.665750,-0.610715,3.000000
85.100000,21.109273,0.408644,-0.797368,3.000000
85.150000,21.130238,0.027468,-0.822486,3.000000
85.200000,21.154176,-0.407764,-0.752337,3.000000
85.250000,21.171218,-0.717626,-0.571737,3.000000
85.300000,21.176966,-0.822123,-0.257547,3.000000
85.350000,21.176966,-0.803352,0.161955,3.000000
85.400000,21.183175,-0.690447,0.567509,3.000000
85.450000,21.196285,-0.452090,0.783640,3.000000
85.500000,21.216426,-0.085882,0.825216,3.000000
85.550000,21.240431,0.350567,0.767635,3.000000
85.600000,21.258998,0.688149,0.604589,3.000000
85.650000,21.266079,0.816892,0.308244,3.000000
85.700000,21.266079,0.811203,-0.100748,3.000000
85.750000,21.271498,0.712681,-0.520214,3.000000
85.800000,21.283577,0.493058,-0.766564,3.000000
85.850000,21.302845,0.142726,-0.826227,3.000000
85.900000,21.326723,-0.291424,-0.780977,3.000000
85.950000,21.346680,-0.654278,-0.634797,3.000000
86.000000,21.355204,-0.809244,-0.356715,3.000000
86.050000,21.355204,-0.817420,0.040007,3.000000
86.100000,21.359871,-0.732562,0.469201,3.000000
86.150000,21.370930,-0.531484,0.745820,3.000000
86.200000,21.389284,-0.197776,0.825414,3.000000
86.250000,21.412865,0.230977,0.792474,3.000000
86.300000,21.434040,0.615971,0.662383,3.000000
86.350000,21.444102,0.798910,0.402869,3.000000
86.400000,21.445372,0.822013,0.019841,3.000000
86.450000,21.445372,0.750217,-0.414958,3.000000
86.500000,21.455432,0.567312,-0.721111,3.000000
86.550000,21.472837,0.250858,-0.822633,3.000000
86.600000,21.495976,-0.169850,-0.802219,3.000000
86.650000,21.518167,-0.573312,-0.687406,3.000000
86.700000,21.529842,-0.785589,-0.446629,3.000000
86.750000,21.532007,-0.824959,-0.078439,3.000000
86.800000,21.532007,-0.765776,0.358059,3.000000
86.850000,21.541097,-0.600505,0.692191,3.000000
86.900000,21.557524,-0.301835,0.817696,3.000000
86.950000,21.580099,0.108618,0.810283,3.000000
87.000000,21.603084,0.526525,0.709951,3.000000
87.050000,21.616418,0.768963,0.487921,3.000000
87.100000,21.619566,0.826196,0.135499,3.000000
87.150000,21.619566,0.779364,-0.299130,3.000000
87.200000,21.627723,0.631053,-0.658891,3.000000
87.250000,21.643148,0.350598,-0.810374,3.000000
87.300000,21.665059,-0.047791,-0.816710,3.000000
87.350000,21.688609,-0.475966,-0.730128,3.000000
87.400000,21.703610,-0.748709,-0.526678,3.000000
87.450000,21.707840,-0.825626,-0.190791,3.000000
87.500000,21.707840,-0.791093,0.238816,3.000000
87.550000,21.715107,-0.658974,0.621154,3.000000
87.600000,21.729512,-0.397056,0.800403,3.000000
87.650000,21.750679,-0.012193,0.821513,3.000000
87.700000,21.774566,0.422109,0.748063,3.000000
87.750000,21.791199,0.724527,0.562843,3.000000
87.800000,21.796621,0.823108,0.244135,3.000000
87.850000,21.796621,0.801060,-0.177743,3.000000
87.900000,21.803042,0.684323,-0.579046,3.000000
87.950000,21.816417,0.441128,-0.787484,3.000000
88.000000,21.836776,0.070970,-0.824673,3.000000
88.050000,21.860783,-0.365518,-0.763885,3.000000
88.100000,21.878968,-0.696160,-0.596377,3.000000
88.150000,21.885695,-0.818461,-0.295389,3.000000
88.200000,21.885695,-0.809337,0.116494,3.000000
88.250000,21.891313,-0.707181,0.532773,3.000000
88.300000,21.903657,-0.482742,0.771302,3.000000
88.350000,21.923155,-0.128242,0.826136,3.000000
88.400000,21.947083,0.306814,0.777720,3.000000
88.450000,21.966697,0.663431,0.627265,3.000000
88.500000,21.974839,0.811460,0.344443,3.000000
88.550000,21.974839,0.815973,-0.055589,3.000000
88.600000,21.979696,0.727657,-0.482676,3.000000
88.650000,21.991016,0.521829,-0.751533,3.000000
88.700000,22.009610,0.183773,-0.825805,3.000000
88.750000,22.033282,-0.246643,-0.789683,3.000000
88.800000,22.054162,-0.626264,-0.655523,3.000000
88.850000,22.063819,-0.801846,-0.391202,3.000000
88.900000,22.064871,-0.820986,-0.004526,3.000000
88.950000,22.064871,-0.745874,0.429214,3.000000
89.000000,22.075186,-0.558331,0.727873,3.000000
89.050000,22.092839,-0.237376,0.823548,3.000000
89.100000,22.116104,0.185634,0.799872,3.000000
89.150000,22.138053,0.584711,0.681199,3.000000
89.200000,22.149307,0.789325,0.435586,3.000000
89.250000,22.151234,0.824360,0.063476,3.000000
89.300000,22.151234,0.761961,-0.372941,3.000000
89.350000,22.160571,0.592205,-0.700057,3.000000
89.400000,22.177252,0.288907,-0.819186,3.000000
89.450000,22.199983,-0.124377,-0.808363,3.000000
89.500000,22.222785,-0.538958,-0.704372,3.000000
89.550000,22.235689,-0.773581,-0.477521,3.000000
89.600000,22.238574,-0.826045,-0.120956,3.000000
89.650000,22.238574,-0.776045,0.314474,3.000000
89.700000,22.246968,-0.623434,0.667896,3.000000
89.750000,22.262653,-0.338249,0.812503,3.000000
89.800000,22.284744,0.063400,0.815209,3.000000
89.850000,22.308170,0.489330,0.725148,3.000000
89.900000,22.322743,0.754293,0.516937,3.000000
89.950000,22.326684,0.825953,0.176723,3.000000
90.000000,22.326684,0.788243,-0.254455,3.000000
90.050000,22.334176,0.652028,-0.631301,3.000000
90.100000,22.348846,0.385309,-0.803241,3.000000
90.150000,22.370211,-0.003161,-0.820431,3.000000
90.200000,22.394033,-0.436272,-0.743649,3.000000
90.250000,22.410251,-0.731149,-0.553774,3.000000
90.300000,22.415355,-0.823953,-0.230584,3.000000
90.350000,22.415355,-0.798655,0.193520,3.000000
90.400000,22.421989,-0.678033,0.590305,3.000000
90.450000,22.435631,-0.430004,0.791112,3.000000
90.500000,22.456203,-0.055957,0.824018,3.000000
90.550000,22.480199,0.380328,0.760003,3.000000
90.600000,22.497995,0.703881,0.587989,3.000000
90.650000,22.504374,0.819874,0.282388,3.000000
90.700000,22.504374,0.807362,-0.132264,3.000000
90.750000,22.510195,0.701523,-0.545079,3.000000
90.800000,22.522805,0.472258,-0.775802,3.000000
90.850000,22.542529,0.113642,-0.825926,3.000000
90.900000,22.566495,-0.322107,-0.774338,3.000000
90.950000,22.585755,-0.672288,-0.619559,3.000000
91.000000,22.593522,-0.813503,-0.332018,3.000000
91.050000,22.593522,-0.814418,0.071224,3.000000
91.100000,22.598572,-0.722602,0.495928,3.000000
91.150000,22.610155,-0.512002,0.756988,3.000000
91.200000,22.628984,-0.169641,0.826069,3.000000
91.250000,22.652739,0.262253,0.786773,3.000000
91.300000,22.673309,0.636265,0.648491,3.000000
91.350000,22.682567,0.804589,0.379377,3.000000
91.400000,22.682567,0.819849,-0.010867,3.000000
91.450000,22.686883,0.741388,-0.443283,3.000000
91.500000,22.697454,0.549175,-0.734357,3.000000
91.550000,22.715352,0.223757,-0.824323,3.000000
91.600000,22.738736,-0.201401,-0.797411,3.000000
91.650000,22.760429,-0.595830,-0.674825,3.000000
91.700000,22.771265,-0.792847,-0.424381,3.000000
91.750000,22.772960,-0.823649,-0.048415,3.000000
91.800000,22.772960,-0.758012,0.387677,3.000000
91.850000,22.782545,-0.583729,0.707634,3.000000
91.900000,22.799479,-0.275834,0.820523,3.000000
91.950000,22.822359,0.140155,0.806334,3.000000
92.000000,22.844963,0.551134,0.698635,3.000000
92.050000,22.857438,0.777964,0.466953,3.000000
92.100000,22.860068,0.825777,0.106300,3.000000
92.150000,22.860068,0.772600,-0.329714,3.000000
92.200000,22.868701,0.615640,-0.676606,3.000000
92.250000,22.884645,0.325750,-0.814461,3.000000
92.300000,22.906909,-0.079059,-0.813601,3.000000
92.350000,22.930197,-0.502467,-0.720017,3.000000
92.400000,22.944340,-0.759620,-0.507025,3.000000
92.450000,22.947999,-0.826153,-0.162528,3.000000
92.500000,22.947999,-0.785274,0.270034,3.000000
92.550000,22.955719,-0.644910,0.641156,3.000000
92.600000,22.970652,-0.373406,0.805890,3.000000
92.650000,22.992212,0.018591,0.819241,3.000000
92.700000,23.015953,0.450244,0.739092,3.000000
92.750000,23.031752,0.737498,0.544532,3.000000
92.800000,23.036546,0.824659,0.216896,3.000000
92.850000,23.036546,0.796138,-0.209275,3.000000
92.900000,23.043397,0.671576,-0.601283,3.000000
92.950000,23.057304,0.418717,-0.794529,3.000000
93.000000,23.078087,0.040849,-0.823252,3.000000
93.050000,23.102058,-0.394987,-0.755987,3.000000
93.100000,23.119456,-0.711315,-0.579425,3.000000
93.150000,23.125496,-0.821135,-0.269243,3.000000
93.200000,23.125496,-0.805278,0.148048,3.000000
93.250000,23.131522,-0.695706,0.557123,3.000000
93.300000,23.144398,-0.461607,0.780069,3.000000
93.350000,23.164345,-0.098930,0.825599,3.000000
93.400000,23.188337,0.337292,0.770831,3.000000
93.450000,23.207233,0.680850,0.611677,3.000000
93.500000,23.214632,0.815377,0.319443,3.000000
93.550000,23.214632,0.812756,-0.086905,3.000000
93.600000,23.219877,0.717395,-0.508946,3.000000
93.650000,23.231723,0.502004,-0.762189,3.000000
93.700000,23.250787,0.155384,-0.826207,3.000000
93.750000,23.274612,-0.277797,-0.783745,3.000000
93.800000,23.294862,-0.645972,-0.641286,3.000000
93.850000,23.303726,-0.807145,-0.367396,3.000000
93.900000,23.303726,-0.818605,0.026332,3.000000
93.950000,23.308228,-0.736760,0.457154,3.000000
94.000000,23.319058,-0.539845,0.740570,3.000000
94.050000,23.337200,-0.210002,0.824962,3.000000
94.100000,23.360692,0.217142,0.794837,3.000000
94.150000,23.382116,0.606665,0.668284,3.000000
94.200000,23.392538,0.796160,0.413014,3.000000
94.250000,23.394005,0.822828,0.033261,3.000000
94.300000,23.394005,0.753928,-0.402256,3.000000
94.350000,23.403842,0.575077,-0.714925,3.000000
94.400000,23.421027,0.262617,-0.821709,3.000000
94.450000,23.444048,-0.155943,-0.804195,3.000000
94.500000,23.466439,-0.563045,-0.692736,3.000000
94.550000,23.478488,-0.782118,-0.456220,3.000000
94.600000,23.480868,-0.825392,-0.091533,3.000000
94.650000,23.480868,-0.769029,0.344840,3.000000
94.700000,23.489742,-0.607670,0.685022,3.000000
94.750000,23.505944,-0.313100,0.816252,3.000000
94.800000,23.528376,0.094760,0.811885,3.000000
94.850000,23.551509,0.515366,0.714733,3.000000
94.900000,23.565223,0.764696,0.496942,3.000000
94.950000,23.568607,0.826230,0.148210,3.000000
95.000000,23.568607,0.782185,-0.285541,3.000000
95.050000,23.576558,0.637619,-0.650716,3.000000
95.100000,23.591753,0.361347,-0.808354,3.000000
95.150000,23.613502,-0.034089,-0.817943,3.000000
95.200000,23.637148,-0.464013,-0.734391,3.000000
95.250000,23.652524,-0.743576,-0.535115,3.000000
95.300000,23.657015,-0.825231,-0.203074,3.000000
95.350000,23.657015,-0.793507,0.225000,3.000000
95.400000,23.664085,-0.664951,0.611975,3.000000
95.450000,23.678258,-0.407270,0.797740,3.000000
95.500000,23.699247,-0.025651,0.822376,3.000000
95.550000,23.723179,0.409483,0.751835,3.000000
95.600000,23.740173,0.718464,0.570686,3.000000
95.650000,23.745881,0.822248,0.255955,3.000000
95.700000,23.745881,0.803084,-0.163838,3.000000
95.750000,23.752116,0.689725,-0.568899,3.000000
95.800000,23.765257,0.450791,-0.784110,3.000000
95.850000,23.785425,0.084109,-0.825157,3.000000
95.900000,23.809431,-0.352357,-0.767195,3.000000
95.950000,23.827953,-0.689119,-0.603619,3.000000
96.000000,23.834991,-0.817087,-0.306719,3.000000
96.050000,23.834991,-0.810986,0.102624,3.000000
96.100000,23.840433,-0.712033,0.521725,3.000000
96.150000,23.852544,-0.491837,0.767141,3.000000
96.200000,23.871840,-0.141005,0.826222,3.000000
96.250000,23.895724,0.293264,0.780595,3.000000
96.300000,23.915641,0.655385,0.633908,3.000000
96.350000,23.924118,0.809518,0.355259,3.000000
96.400000,23.924118,0.817253,-0.041862,3.000000
96.450000,23.928808,0.731985,-0.470819,3.000000
96.500000,23.939899,0.530342,-0.746515,3.000000
96.550000,23.958281,0.196113,-0.825468,3.000000
96.600000,23.981874,-0.232848,-0.792147,3.000000
96.650000,24.003014,-0.617213,-0.661574,3.000000
96.700000,24.013027,-0.799270,-0.401486,3.000000
96.750000,24.014272,-0.821896,-0.018019,3.000000
96.800000,24.014272,-0.749707,0.416668,3.000000
96.850000,24.024362,-0.566250,0.721932,3.000000
96.900000,24.041796,-0.249258,0.822750,3.000000
96.950000,24.064951,0.171733,0.801945,3.000000
97.000000,24.087113,0.574686,0.686674,3.000000
97.050000,24.098738,0.786046,0.445321,3.000000
97.100000,24.100875,0.824893,0.076660,3.000000
97.150000,24.100875,0.765328,-0.359841,3.000000
97.200000,24.109994,0.599525,-0.693144,3.000000
97.250000,24.126451,0.300301,-0.817882,3.000000
97.300000,24.149045,-0.110496,-0.810060,3.000000
97.350000,24.172009,-0.528021,-0.709294,3.000000
97.400000,24.185292,-0.769526,-0.486690,3.000000
97.450000,24.188408,-0.826184,-0.133771,3.000000
97.500000,24.188408,-0.778975,0.300965,3.000000
97.550000,24.196593,-0.630153,0.659981,3.000000
97.600000,24.212049,-0.349133,0.810637,3.000000
97.650000,24.233982,0.049649,0.816537,3.000000
97.700000,24.257518,0.477571,0.729542,3.000000
97.750000,24.272468,0.749389,0.525525,3.000000
97.800000,24.276663,0.825672,0.189120,3.000000
97.850000,24.276663,0.790759,-0.240684,3.000000
97.900000,24.283957,0.658155,-0.622379,3.000000
97.950000,24.298394,0.395663,-0.800751,3.000000
98.000000,24.319585,0.010366,-0.821390,3.000000
98.050000,24.343465,-0.423808,-0.747544,3.000000
98.100000,24.360048,-0.725331,-0.561771,3.000000
98.150000,24.365432,-0.823216,-0.242526,3.000000
98.200000,24.365432,-0.800779,0.179625,3.000000
98.250000,24.371878,-0.683581,0.580403,3.000000
98.300000,24.385285,-0.439810,0.787928,3.000000
98.350000,24.405670,-0.069185,0.824601,3.000000
98.400000,24.429676,0.367291,0.763429,3.000000
98.450000,24.447815,0.697096,0.595386,3.000000
98.500000,24.454500,0.818637,0.293847,3.000000
98.550000,24.454500,0.809107,-0.118374,3.000000
98.600000,24.460143,0.706515,-0.534254,3.000000
98.650000,24.472518,0.481501,-0.771851,3.000000
98.700000,24.492043,0.126507,-0.826117,3.000000
98.750000,24.515976,-0.308643,-0.777323,3.000000
98.800000,24.535548,-0.664502,-0.626355,3.000000
98.850000,24.543645,-0.811713,-0.342969,3.000000
98.900000,24.543645,-0.815793,0.057451,3.000000
98.950000,24.548525,-0.727062,0.484268,3.000000
99.000000,24.559877,-0.520666,0.752197,3.000000
99.050000,24.578498,-0.182094,0.825843,3.000000
99.100000,24.602182,0.248507,0.789342,3.000000
99.150000,24.623025,0.627472,0.654693,3.000000
99.200000,24.632634,0.802183,0.389800,3.000000
99.250000,24.633661,0.820856,0.002694,3.000000
99.300000,24.633661,0.745346,-0.430902,3.000000
99.350000,24.644006,0.557248,-0.728660,3.000000
99.400000,24.661688,0.235759,-0.823648,3.000000
99.450000,24.684968,-0.187515,-0.799584,3.000000
99.500000,24.706888,-0.586051,-0.680447,3.000000
99.550000,24.718091,-0.789756,-0.434259,3.000000
99.600000,24.719990,-0.824281,-0.061685,3.000000
99.650000,24.719990,-0.761497,0.374706,3.000000
99.700000,24.729356,-0.591204,0.700976,3.000000
99.750000,24.746068,-0.287356,0.819354,3.000000
99.800000,24.768817,0.126257,0.808127,3.000000
99.850000,24.791596,0.540424,0.703696,3.000000
99.900000,24.804449,0.774116,0.476270,3.000000
99.950000,24.807304,0.826019,0.119214,3.000000
100.000000,24.807304,0.775640,-0.316297,3.000000
100.050000,24.815726,0.622514,-0.668950,3.000000
100.100000,24.831442,0.336767,-0.812745,3.000000
100.150000,24.853553,-0.065265,-0.815023,3.000000
100.200000,24.876964,-0.490909,-0.724544,3.000000
100.250000,24.891486,-0.754941,-0.515764,3.000000
100.300000,24.895393,-0.825983,-0.175037,3.000000
100.350000,24.895393,-0.787895,0.256316,3.000000
100.400000,24.902912,-0.651189,0.632492,3.000000
100.450000,24.917613,-0.383898,0.803567,3.000000
100.500000,24.939002,0.004997,0.820295,3.000000
100.550000,24.962814,0.437949,0.743113,3.000000
100.600000,24.978983,0.731921,0.552681,3.000000
100.650000,24.984050,0.824044,0.228959,3.000000
100.700000,24.984050,0.798361,-0.195400,3.000000
100.750000,24.990709,0.677272,-0.591629,3.000000
100.800000,25.004383,0.428666,-0.791531,3.000000
100.850000,25.024981,0.054161,-0.823933,3.000000
100.900000,25.048974,-0.382084,-0.759531,3.000000
100.950000,25.066722,-0.704783,-0.586977,3.000000
101.000000,25.073061,-0.820032,-0.280828,3.000000
101.050000,25.073061,-0.807120,0.134146,3.000000
101.100000,25.078907,-0.700838,0.546529,3.000000
101.150000,25.091548,-0.470997,0.776323,3.000000
101.200000,25.111299,-0.111893,0.825893,3.000000
101.250000,25.135269,0.323924,0.773927,3.000000
101.300000,25.154486,0.673325,0.618628,3.000000
101.350000,25.162208,0.813735,0.330527,3.000000
101.400000,25.162208,0.814226,-0.073092,3.000000
101.450000,25.167281,0.721989,-0.497492,3.000000
101.500000,25.178896,0.510819,-0.757621,3.000000
101.550000,25.197754,0.167948,-0.826092,3.000000
101.600000,25.221517,-0.264110,-0.786418,3.000000
101.650000,25.242050,-0.637438,-0.647641,3.000000
101.700000,25.251260,-0.804904,-0.377956,3.000000
101.750000,25.251260,-0.819707,0.012708,3.000000
101.800000,25.255598,-0.740844,0.444947,3.000000
101.850000,25.266200,-0.548071,0.735113,3.000000
101.900000,25.284127,-0.222124,0.824406,3.000000
101.950000,25.307525,0.203280,0.797110,3.000000
102.000000,25.329187,0.597137,0.674054,3.000000
102.050000,25.339973,0.793253,0.423034,3.000000
102.100000,25.341640,0.823557,0.046613,3.000000
102.150000,25.341640,0.757532,-0.389424,3.000000
102.200000,25.351255,0.582706,-0.708518,3.000000
102.250000,25.368220,0.274265,-0.820672,3.000000
102.300000,25.391116,-0.142037,-0.806085,3.000000
102.350000,25.413695,-0.552568,-0.697940,3.000000
102.400000,25.426120,-0.778472,-0.465682,3.000000
102.450000,25.428720,-0.825737,-0.104545,3.000000
102.500000,25.428720,-0.772181,0.331524,3.000000
102.550000,25.437381,-0.614699,0.677625,3.000000
102.600000,25.453356,-0.324249,0.814683,3.000000
102.650000,25.475641,0.080930,0.813402,3.000000
102.700000,25.498911,0.504017,0.719395,3.000000
102.750000,25.513003,0.760238,0.505831,3.000000
102.800000,25.516629,0.826169,0.160827,3.000000
102.850000,25.516629,0.784912,-0.271887,3.000000
102.900000,25.524376,0.644050,-0.642311,3.000000
102.950000,25.539340,0.371976,-0.806194,3.000000
103.000000,25.560923,-0.020436,-0.819092,3.000000
103.050000,25.584653,-0.451897,-0.738539,3.000000
103.100000,25.600402,-0.738236,-0.543418,3.000000
103.150000,25.605159,-0.824735,-0.215255,3.000000
103.200000,25.605159,-0.795830,0.211153,3.000000
103.250000,25.612036,-0.670795,0.602573,3.000000
103.300000,25.625975,-0.417361,0.794923,3.000000
103.350000,25.646783,-0.039041,0.823153,3.000000
103.400000,25.670750,0.396724,0.755499,3.000000
103.450000,25.688100,0.712182,0.578392,3.000000
103.500000,25.694100,0.821275,0.267666,3.000000
103.550000,25.694100,0.805023,-0.149931,3.000000
103.600000,25.700151,0.695001,-0.558541,3.000000
103.650000,25.713059,0.460326,-0.780563,3.000000
103.700000,25.733032,0.097168,-0.825552,3.000000
103.750000,25.757027,-0.339095,-0.770404,3.000000
103.800000,25.775878,-0.681852,-0.610725,3.000000
103.850000,25.783234,-0.815590,-0.317934,3.000000
103.900000,25.783234,-0.812551,0.088778,3.000000
103.950000,25.788502,-0.716763,0.510483,3.000000
104.000000,25.800380,-0.500801,0.762792,3.000000
104.050000,25.819472,-0.153676,0.826215,3.000000
104.100000,25.843305,0.279645,0.783375,3.000000
104.150000,25.863515,0.647110,0.640415,3.000000
104.200000,25.872333,0.807437,0.365956,3.000000
104.250000,25.872333,0.818450,-0.028180,3.000000
104.300000,25.876857,0.736198,-0.458795,3.000000
104.350000,25.887718,0.538721,-0.741293,3.000000
104.400000,25.905889,0.208352,-0.825029,3.000000
104.450000,25.929394,-0.219017,-0.794522,3.000000
104.500000,25.950785,-0.607938,-0.667493,3.000000
104.550000,25.961158,-0.796542,-0.411647,3.000000
104.600000,25.962598,-0.822722,-0.031448,3.000000
104.650000,25.962598,-0.753432,0.403984,3.000000
104.700000,25.972465,-0.574034,0.715775,3.000000
104.750000,25.989680,-0.261031,0.821841,3.000000
104.800000,26.012717,0.157826,0.803933,3.000000
104.850000,26.035081,0.564447,0.692022,3.000000
104.900000,26.047079,0.782598,0.454929,3.000000
104.950000,26.049430,0.825339,0.089765,3.000000
105.000000,26.049430,0.768594,-0.346636,3.000000
105.050000,26.058334,0.606708,-0.686006,3.000000
105.100000,26.074566,0.311581,-0.816455,3.000000
105.150000,26.097018,-0.096635,-0.811673,3.000000
105.200000,26.120132,-0.516888,-0.714093,3.000000
105.250000,26.133793,-0.765285,-0.495728,3.000000
105.300000,26.137145,-0.826231,-0.146494,3.000000
105.350000,26.137145,-0.781809,0.287385,3.000000
105.400000,26.145124,-0.636738,0.651836,3.000000
105.450000,26.160351,-0.359898,0.808635,3.000000
105.500000,26.182122,0.035941,0.817781,3.000000
105.550000,26.205755,0.465641,0.733820,3.000000
105.600000,26.221080,0.744283,0.533980,3.000000
105.650000,26.225536,0.825291,0.201417,3.000000
105.700000,26.225536,0.793185,-0.226873,3.000000
105.750000,26.232633,0.664149,-0.613231,3.000000
105.800000,26.246837,0.405894,-0.798110,3.000000
105.850000,26.267850,0.023832,-0.822264,3.000000
105.900000,26.291777,-0.411201,-0.751330,3.000000
105.950000,26.308722,-0.719297,-0.569632,3.000000
106.000000,26.314391,-0.822371,-0.254361,3.000000
106.050000,26.314391,-0.802815,0.165721,3.000000
106.100000,26.320651,-0.689001,0.570286,3.000000
106.150000,26.333824,-0.449490,0.784576,3.000000
106.200000,26.354018,-0.082335,0.825097,3.000000
106.250000,26.378024,0.354145,0.766753,3.000000
106.300000,26.396501,0.690086,0.602647,3.000000
106.350000,26.403497,0.817280,0.305191,3.000000
106.400000,26.403497,0.810768,-0.104501,3.000000
106.450000,26.408963,0.711383,-0.523232,3.000000
106.500000,26.421105,0.490613,-0.767716,3.000000
106.550000,26.440428,0.139282,-0.826216,3.000000
106.600000,26.464320,-0.295103,-0.780211,3.000000
106.650000,26.484196,-0.656488,-0.633016,3.000000
106.700000,26.492627,-0.809789,-0.353802,3.000000
106.750000,26.492627,-0.817085,0.043718,3.000000
106.800000,26.497340,-0.731406,0.472435,3.000000
106.850000,26.508461,-0.529197,0.747207,3.000000
106.900000,26.526872,-0.194448,0.825519,3.000000
106.950000,26.550476,0.234718,0.791819,3.000000
107.000000,26.571582,0.618452,0.660763,3.000000
107.050000,26.581546,0.799628,0.400101,3.000000
107.100000,26.582765,0.821778,0.016196,3.000000
107.150000,26.582765,0.749194,-0.418375,3.000000
107.200000,26.592885,0.565186,-0.722749,3.000000
107.250000,26.610349,0.247655,-0.822864,3.000000
107.300000,26.633519,-0.173615,-0.801670,3.000000
107.350000,26.655653,-0.576056,-0.685940,3.000000
107.400000,26.667228,-0.786500,-0.444010,3.000000
107.450000,26.669336,-0.824826,-0.074879,3.000000
107.500000,26.669336,-0.764878,0.361621,3.000000
107.550000,26.678484,-0.598542,0.694093,3.000000
107.600000,26.694972,-0.298765,0.818066,3.000000
107.650000,26.717585,0.112374,0.809835,3.000000
107.700000,26.740527,0.529513,0.708634,3.000000
107.750000,26.753759,0.770086,0.485456,3.000000
107.800000,26.756844,0.826171,0.132041,3.000000
107.850000,26.756844,0.778583,-0.302799,3.000000
107.900000,26.765057,0.629252,-0.661066,3.000000
107.950000,26.780544,0.347666,-0.810898,3.000000
108.000000,26.802499,-0.051509,-0.816362,3.000000
108.050000,26.826020,-0.479174,-0.728954,3.000000
108.100000,26.840919,-0.750065,-0.524370,3.000000
108.150000,26.845080,-0.825716,-0.187447,3.000000
108.200000,26.845080,-0.790424,0.242551,3.000000
108.250000,26.852400,-0.657333,0.623600,3.000000
108.300000,26.866869,-0.394268,0.801097,3.000000
108.350000,26.888084,-0.008538,0.821265,3.000000
108.400000,26.911956,0.425504,0.747023,3.000000
108.450000,26.928491,0.726131,0.560696,3.000000
108.500000,26.933836,0.823322,0.240915,3.000000
108.550000,26.933836,0.800496,-0.181507,3.000000
108.600000,26.940307,0.682838,-0.581757,3.000000
108.650000,26.953746,0.438490,-0.788369,3.000000
108.700000,26.974156,0.067398,-0.824527,3.000000
108.750000,26.998162,-0.369063,-0.762971,3.000000
108.800000,27.016255,-0.698028,-0.594393,3.000000
108.850000,27.022898,-0.818812,-0.292302,3.000000
108.900000,27.022898,-0.808876,0.120254,3.000000
108.950000,27.028565,-0.705846,0.535732,3.000000
109.000000,27.040972,-0.480257,0.772397,3.000000
109.050000,27.060524,-0.124770,0.826096,3.000000
109.100000,27.084462,0.310471,0.776925,3.000000
109.150000,27.103993,0.665570,0.625443,3.000000
109.200000,27.112044,0.811963,0.341493,3.000000
109.250000,27.112044,0.815612,-0.059314,3.000000
109.300000,27.116947,0.726465,-0.485857,3.000000
109.350000,27.128330,0.519501,-0.752858,3.000000
109.400000,27.146980,0.180414,-0.825880,3.000000
109.450000,27.170673,-0.250371,-0.788999,3.000000
109.500000,27.191480,-0.628676,-0.653861,3.000000
109.550000,27.201041,-0.802518,-0.388396,3.000000
109.600000,27.202043,-0.820724,-0.000861,3.000000
109.650000,27.202043,-0.744817,0.432587,3.000000
109.700000,27.212419,-0.556163,0.729444,3.000000
109.750000,27.230130,-0.234140,0.823745,3.000000
109.800000,27.253424,0.189396,0.799295,3.000000
109.850000,27.275314,0.587388,0.679694,3.000000
109.900000,27.286468,0.790184,0.432929,3.000000
109.950000,27.288339,0.824201,0.059893,3.000000
110.000000,27.288339,0.761031,-0.376469,3.000000
110.050000,27.297734,0.590199,-0.701890,3.000000
110.100000,27.314476,0.285802,-0.819519,3.000000
110.150000,27.337243,-0.128138,-0.807889,3.000000
110.200000,27.359999,-0.541886,-0.703018,3.000000
110.250000,27.372801,-0.774648,-0.475016,3.000000
110.300000,27.375625,-0.825992,-0.117471,3.000000
110.350000,27.375625,-0.775235,0.318118,3.000000
110.400000,27.384075,-0.621591,0.670000,3.000000
110.450000,27.399822,-0.335282,0.812985,3.000000
110.500000,27.421955,0.067131,0.814835,3.000000
110.550000,27.445349,0.492485,0.723938,3.000000
110.600000,27.459820,0.755586,0.514588,3.000000
110.650000,27.463693,0.826012,0.173349,3.000000
110.700000,27.463693,0.787545,-0.258177,3.000000
110.750000,27.471239,0.650346,-0.633678,3.000000
110.800000,27.485972,0.382484,-0.803890,3.000000
110.850000,27.507384,-0.006835,-0.820157,3.000000
110.900000,27.531188,-0.439622,-0.742575,3.000000
110.950000,27.547306,-0.732688,-0.551586,3.000000
111.000000,27.552336,-0.824134,-0.227331,3.000000
111.050000,27.552336,-0.798065,0.197280,3.000000
111.100000,27.559021,-0.676508,0.592949,3.000000
111.150000,27.572726,-0.427327,0.791946,3.000000
111.200000,27.593349,-0.052363,0.823846,3.000000
111.250000,27.617340,0.383838,0.759057,3.000000
111.300000,27.635042,0.705680,0.585962,3.000000
111.350000,27.641340,0.820188,0.279266,3.000000
111.400000,27.641340,0.806875,-0.136027,3.000000
111.450000,27.647210,0.700150,-0.547975,3.000000
111.500000,27.659883,0.469733,-0.776841,3.000000
111.550000,27.679660,0.110143,-0.825858,3.000000
111.600000,27.703633,-0.325739,-0.773513,3.000000
111.650000,27.722807,-0.674357,-0.617695,3.000000
111.700000,27.730486,-0.813965,-0.329033,3.000000
111.750000,27.730486,-0.814032,0.074960,3.000000
111.800000,27.735582,-0.721374,0.499054,3.000000
111.850000,27.747228,-0.509633,0.758251,3.000000
111.900000,27.766114,-0.166252,0.826113,3.000000
111.950000,27.789886,0.265966,0.786062,3.000000
112.000000,27.810381,0.638607,0.646788,3.000000
112.050000,27.819545,0.805216,0.376534,3.000000
112.100000,27.819545,0.819562,-0.014549,3.000000
112.150000,27.823904,0.740298,-0.446609,3.000000
112.200000,27.834537,0.546965,-0.735864,3.000000
112.250000,27.852494,0.220488,-0.824488,3.000000
112.300000,27.875904,-0.205158,-0.796807,3.000000
112.350000,27.897535,-0.598440,-0.673281,3.000000
112.400000,27.908272,-0.793656,-0.421684,3.000000
112.450000,27.909911,-0.823463,-0.044809,3.000000
112.500000,27.909911,-0.757050,0.391169,3.000000
112.550000,27.919556,-0.581681,0.709399,3.000000
112.600000,27.936551,-0.272694,0.820819,3.000000
112.650000,27.959464,0.143920,0.805834,3.000000
112.700000,27.982019,0.553999,0.697242,3.000000
112.750000,27.994392,0.778976,0.464408,3.000000
112.800000,27.996962,0.825696,0.102788,3.000000
112.850000,27.996962,0.771760,-0.333332,3.000000
112.900000,28.005652,0.613755,-0.678640,3.000000
112.950000,28.021658,0.322746,-0.814903,3.000000
113.000000,28.043963,-0.082801,-0.813201,3.000000
113.050000,28.067215,-0.505565,-0.718771,3.000000
113.100000,28.081256,-0.760853,-0.504635,3.000000
113.150000,28.084849,-0.826183,-0.159124,3.000000
113.200000,28.084849,-0.784548,0.273739,3.000000
113.250000,28.092624,-0.643187,0.643462,3.000000
113.300000,28.107619,-0.370544,0.806494,3.000000
113.350000,28.129224,0.022281,0.818941,3.000000
113.400000,28.152944,0.453547,0.737984,3.000000
113.450000,28.168642,0.738972,0.542301,3.000000
113.500000,28.173363,0.824808,0.213611,3.000000
113.550000,28.173363,0.795521,-0.213029,3.000000
113.600000,28.180266,0.670011,-0.603859,3.000000
113.650000,28.194237,0.416002,-0.795313,3.000000
113.700000,28.215069,0.037232,-0.823053,3.000000
113.750000,28.239032,-0.398459,-0.755009,3.000000
113.800000,28.256335,-0.713046,-0.577357,3.000000
113.850000,28.262295,-0.821413,-0.266086,3.000000
113.900000,28.262295,-0.804765,0.151814,3.000000
113.950000,28.268371,-0.694294,0.559956,3.000000
114.000000,28.281310,-0.459043,0.781053,3.000000
114.050000,28.301310,-0.095405,0.825504,3.000000
114.100000,28.325306,0.340896,0.769975,3.000000
114.150000,28.344114,0.682849,0.609771,3.000000
114.200000,28.351426,0.815800,0.316422,3.000000
114.250000,28.351426,0.812344,-0.090651,3.000000
114.300000,28.356718,0.716130,-0.512016,3.000000
114.350000,28.368627,0.499595,-0.763392,3.000000
114.400000,28.387747,0.151966,-0.826221,3.000000
114.450000,28.411587,-0.281493,-0.783004,3.000000
114.500000,28.431758,-0.648244,-0.639542,3.000000
114.550000,28.440530,-0.807727,-0.364515,3.000000
114.600000,28.440530,-0.818292,0.030030,3.000000
114.650000,28.445076,-0.735634,0.460433,3.000000
114.700000,28.455968,-0.537594,0.742012,3.000000
114.750000,28.474167,-0.206701,0.825095,3.000000
114.800000,28.497685,0.220892,0.794206,3.000000
114.850000,28.519042,0.609207,0.666699,3.000000
114.900000,28.529366,0.796920,0.410279,3.000000
114.950000,28.530780,0.822616,0.029633,3.000000
115.000000,28.530780,0.752934,-0.405709,3.000000
115.050000,28.540677,0.572988,-0.716622,3.000000
115.100000,28.557922,0.259443,-0.821971,3.000000
115.150000,28.580975,-0.159709,-0.803669,3.000000
115.200000,28.603313,-0.565846,-0.691305,3.000000
115.250000,28.615260,-0.783075,-0.453635,3.000000
115.300000,28.617582,-0.825284,-0.087995,3.000000
115.350000,28.617582,-0.768158,0.348430,3.000000
115.400000,28.626514,-0.605743,0.686985,3.000000
115.450000,28.642777,-0.310060,0.816656,3.000000
115.500000,28.665248,0.098511,0.811459,3.000000
115.550000,28.688343,0.518407,0.713450,3.000000
115.600000,28.701953,0.765870,0.494512,3.000000
115.650000,28.705273,0.826230,0.144777,3.000000
115.700000,28.705273,0.781430,-0.289227,3.000000
115.750000,28.713280,0.635854,-0.652952,3.000000
115.800000,28.728537,0.358448,-0.808915,3.000000
115.850000,28.750330,-0.037795,-0.817617,3.000000
115.900000,28.773951,-0.467267,-0.733248,3.000000
115.950000,28.789226,-0.744986,-0.532843,3.000000
116.000000,28.793646,-0.825348,-0.199758,3.000000
116.050000,28.793646,-0.792862,0.228745,3.000000
116.100000,28.800769,-0.663345,0.614483,3.000000
116.150000,28.815005,-0.404516,0.798476,3.000000
116.200000,28.836042,-0.022013,0.822150,3.000000
116.250000,28.859964,0.412916,0.750824,3.000000
116.300000,28.876860,0.720127,0.568575,3.000000
116.350000,28.882490,0.822492,0.252765,3.000000
116.400000,28.882490,0.802544,-0.167604,3.000000
116.450000,28.888775,0.688275,-0.571668,3.000000
116.500000,28.901980,0.448187,-0.785040,3.000000
116.550000,28.922199,0.080559,-0.825035,3.000000
116.600000,28.946206,-0.355931,-0.766309,3.000000
116.650000,28.964638,-0.691048,-0.601672,3.000000
116.700000,28.971591,-0.817471,-0.303662,3.000000
116.750000,28.971591,-0.810548,0.106378,3.000000
116.800000,28.977081,-0.710731,0.524736,3.000000
116.850000,28.989255,-0.489387,0.768287,3.000000
116.900000,29.008605,-0.137558,0.826208,3.000000
116.950000,29.032503,0.296940,0.779826,3.000000
117.000000,29.052338,0.657587,0.632122,3.000000
117.050000,29.060724,0.810057,0.352342,3.000000
117.100000,29.060724,0.816915,-0.045575,3.000000
117.150000,29.065459,0.730824,-0.474047,3.000000
117.200000,29.076612,0.528050,-0.747894,3.000000
117.250000,29.095052,0.192781,-0.825569,3.000000
117.300000,29.118667,-0.236587,-0.791489,3.000000
117.350000,29.139737,-0.619687,-0.659949,3.000000
117.400000,29.149654,-0.799983,-0.398714,3.000000
117.450000,29.150846,-0.821658,-0.014371,3.000000
117.500000,29.150846,-0.748680,0.420079,3.000000
117.550000,29.160997,-0.564119,0.723562,3.000000
117.600000,29.178490,-0.246051,0.822977,3.000000
117.650000,29.201676,0.175498,0.801392,3.000000
117.700000,29.223781,0.577422,0.685204,3.000000
117.750000,29.235305,0.786951,0.442697,3.000000
117.800000,29.237385,0.824757,0.073097,3.000000
117.850000,29.237385,0.764426,-0.363399,3.000000
117.900000,29.246563,0.597556,-0.695038,3.000000
117.950000,29.263081,0.297227,-0.818247,3.000000
118.000000,29.285712,-0.114253,-0.809609,3.000000
118.050000,29.308633,-0.531002,-0.707973,3.000000
118.100000,29.321814,-0.770643,-0.484220,3.000000
118.150000,29.324867,-0.826156,-0.130310,3.000000
118.200000,29.324867,-0.778191,0.304631,3.000000
118.250000,29.333108,-0.628347,0.662147,3.000000
118.300000,29.348626,-0.346198,0.811156,3.000000
118.350000,29.370603,0.053369,0.816185,3.000000
118.400000,29.394110,0.480773,0.728364,3.000000
118.450000,29.408958,0.750737,0.523213,3.000000
118.500000,29.413084,0.825758,0.185773,3.000000
118.550000,29.413084,0.790087,-0.244417,3.000000
118.600000,29.420431,0.656509,-0.624818,3.000000
118.650000,29.434931,0.392871,-0.801440,3.000000
118.700000,29.456170,0.006709,-0.821138,3.000000
118.750000,29.480035,-0.427197,-0.746500,3.000000
118.800000,29.496520,-0.726928,-0.559619,3.000000
118.850000,29.501827,-0.823426,-0.239303,3.000000
118.900000,29.501827,-0.800212,0.183389,3.000000
118.950000,29.508324,-0.682092,0.583106,3.000000
119.000000,29.521795,-0.437167,0.788807,3.000000
119.050000,29.542230,-0.065610,0.824452,3.000000
119.100000,29.566235,0.370833,0.762511,3.000000
119.150000,29.584281,0.698956,0.593396,3.000000
119.200000,29.590883,0.818984,0.290755,3.000000
119.250000,29.590883,0.808643,-0.122134,3.000000
119.300000,29.596574,0.705175,-0.537205,3.000000
119.350000,29.609013,0.479011,-0.772939,3.000000
119.400000,29.628592,0.123032,-0.826074,3.000000
119.450000,29.652535,-0.312297,-0.776524,3.000000
119.500000,29.672023,-0.666633,-0.624528,3.000000
119.550000,29.680030,-0.812211,-0.340015,3.000000
119.600000,29.680030,-0.815429,0.061177,3.000000
119.650000,29.684956,-0.725866,0.487443,3.000000
119.700000,29.696370,-0.518333,0.753514,3.000000
119.750000,29.715048,-0.178732,0.825914,3.000000
119.800000,29.738751,0.252234,0.788655,3.000000
119.850000,29.759522,0.629876,0.653027,3.000000
119.900000,29.769035,0.802849,0.386990,3.000000
119.950000,29.769035,0.820592,-0.000973,3.000000
120.000000,29.773232,0.744285,-0.434269,3.000000
120.050000,29.783639,0.555075,-0.730224,3.000000
120.100000,29.801379,0.232520,-0.823841,3.000000
120.150000,29.824688,-0.191277,-0.799004,3.000000
120.200000,29.846548,-0.588721,-0.678938,3.000000
120.250000,29.857651,-0.790609,-0.431596,3.000000
120.300000,29.859494,-0.824118,-0.058099,3.000000
120.350000,29.859494,-0.760563,0.378230,3.000000
120.400000,29.868920,-0.589193,0.702801,3.000000
120.450000,29.885692,-0.284246,0.819682,3.000000
120.500000,29.908476,0.130020,0.807650,3.000000
120.550000,29.931209,0.543344,0.702338,3.000000
120.600000,29.943960,0.775176,0.473760,3.000000
120.650000,29.946753,0.825963,0.115726,3.000000
120.700000,29.946753,0.774827,-0.319938,3.000000
120.750000,29.955232,0.620666,-0.671046,3.000000
120.800000,29.971010,0.333795,-0.813223,3.000000
120.850000,29.993164,-0.068997,-0.814646,3.000000
120.900000,30.016542,-0.494057,-0.723330,3.000000
120.950000,30.030961,-0.756228,-0.513410,3.000000
121.000000,30.034801,-0.826039,-0.171659,3.000000
121.050000,30.034801,-0.787194,0.260036,3.000000
121.100000,30.042374,-0.649502,0.634860,3.000000
121.150000,30.057138,-0.381069,0.804211,3.000000
121.200000,30.078574,0.008673,0.820018,3.000000
121.250000,30.102368,0.441293,0.742035,3.000000
121.300000,30.118436,0.733452,0.550488,3.000000
121.350000,30.123429,0.824221,0.225702,3.000000
121.400000,30.123429,0.797768,-0.199159,3.000000
121.450000,30.130140,0.675742,-0.594265,3.000000
121.500000,30.143877,0.425985,-0.792359,3.000000
121.550000,30.164525,0.050563,-0.823757,3.000000
121.600000,30.188513,-0.385590,-0.758582,3.000000
121.650000,30.206168,-0.706574,-0.584945,3.000000
121.700000,30.212425,-0.820342,-0.277702,3.000000
121.750000,30.212425,-0.806629,0.137910,3.000000
121.800000,30.218319,-0.699461,0.549418,3.000000
121.850000,30.231024,-0.468467,0.777355,3.000000
121.900000,30.250828,-0.108391,0.825822,3.000000
121.950000,30.274805,0.327553,0.773098,3.000000
122.000000,30.293936,0.675385,0.616759,3.000000
122.050000,30.301570,0.814193,0.327537,3.000000
122.100000,30.301570,0.813836,-0.076829,3.000000
122.150000,30.306689,0.720757,-0.500612,3.000000
122.200000,30.318367,0.508445,-0.758877,3.000000
122.250000,30.337280,0.164555,-0.826132,3.000000
122.300000,30.361061,-0.267822,-0.785703,3.000000
122.350000,30.381518,-0.639772,-0.645933,3.000000
122.400000,30.390635,-0.805525,-0.375109,3.000000
122.450000,30.390635,-0.819417,0.016392,3.000000
122.500000,30.395017,-0.739749,0.448269,3.000000
122.550000,30.405681,-0.545857,0.736611,3.000000
122.600000,30.423666,-0.218851,0.824567,3.000000
122.650000,30.447090,0.207036,0.796503,3.000000
122.700000,30.468688,0.599739,0.672505,3.000000
122.750000,30.479376,0.794056,0.420333,3.000000
122.800000,30.480988,0.823368,0.043004,3.000000
122.850000,30.480988,0.756566,-0.392911,3.000000
122.900000,30.490663,0.580654,-0.710275,3.000000
122.950000,30.507688,0.271121,-0.820964,3.000000
123.000000,30.530618,-0.145802,-0.805582,3.000000
123.050000,30.553148,-0.555426,-0.696543,3.000000
123.100000,30.565470,-0.779476,-0.463132,3.000000
123.150000,30.568010,-0.825652,-0.101029,3.000000
123.200000,30.568010,-0.771337,0.335139,3.000000
123.250000,30.576729,-0.612809,0.679650,3.000000
123.300000,30.592765,-0.321241,0.815121,3.000000
123.350000,30.615091,0.084672,0.812999,3.000000
123.400000,30.638325,0.507109,0.718145,3.000000
123.450000,30.652314,0.761464,0.503437,3.000000
123.500000,30.655874,0.826195,0.157420,3.000000
123.550000,30.655874,0.784183,-0.275590,3.000000
123.600000,30.663677,0.642321,-0.644610,3.000000
123.650000,30.678703,0.369109,-0.806793,3.000000
123.700000,30.700331,-0.024128,-0.818789,3.000000
123.750000,30.724040,-0.455194,-0.737427,3.000000
123.800000,30.739688,-0.739703,-0.541183,3.000000
123.850000,30.744373,-0.824879,-0.211966,3.000000
123.900000,30.744373,-0.795210,0.214905,3.000000
123.950000,30.751302,-0.669225,0.605141,3.000000
124.000000,30.765304,-0.414640,0.795701,3.000000
124.050000,30.786161,-0.035422,0.822951,3.000000
124.100000,30.810120,0.400192,0.754517,3.000000
124.150000,30.827374,0.713905,0.576319,3.000000
124.200000,30.833295,0.821550,0.264505,3.000000
124.250000,30.833295,0.804506,-0.153697,3.000000
124.300000,30.839395,0.693585,-0.561367,3.000000
124.350000,30.852366,0.457757,-0.781541,3.000000
124.400000,30.872392,0.093640,-0.825454,3.000000
124.450000,30.896391,-0.342696,-0.769545,3.000000
124.500000,30.915154,-0.683842,-0.608814,3.000000
124.550000,30.922423,-0.816007,-0.314908,3.000000
124.600000,30.922423,-0.812135,0.092525,3.000000
124.650000,30.927738,-0.715494,0.513546,3.000000
124.700000,30.939679,-0.498386,0.763989,3.000000
124.750000,30.958826,-0.150254,0.826226,3.000000
124.800000,30.982674,0.283340,0.782632,3.000000
124.850000,31.002806,0.649374,0.638666,3.000000
124.900000,31.011531,0.808014,0.363071,3.000000
124.950000,31.011531,0.818134,-0.031881,3.000000
125.000000,31.016100,0.735068,-0.462067,3.000000
125.050000,31.027023,0.536465,-0.742728,3.000000
125.100000,31.045251,0.205048,-0.825158,3.000000
125.150000,31.068780,-0.222766,-0.793888,3.000000
125.200000,31.090104,-0.610472,-0.665903,3.000000
125.250000,31.100380,-0.797296,-0.408908,3.000000
125.300000,31.101766,-0.822507,-0.027818,3.000000
125.350000,31.101766,-0.752434,0.407432,3.000000
125.400000,31.111693,-0.571939,0.717464,3.000000
125.450000,31.128968,-0.257853,0.822098,3.000000
125.500000,31.152038,0.161592,0.803403,3.000000
125.550000,31.174348,0.567241,0.690586,3.000000
125.600000,31.186245,0.783549,0.452340,3.000000
125.650000,31.188538,0.825227,0.086224,3.000000
125.700000,31.188538,0.767720,-0.350222,3.000000
125.750000,31.197499,0.604776,-0.687961,3.000000
125.800000,31.213793,0.308538,-0.816854,3.000000
125.850000,31.236283,-0.100386,-0.811244,3.000000
125.900000,31.259358,-0.519922,-0.712805,3.000000
125.950000,31.272917,-0.766452,-0.493294,3.000000
126.000000,31.276205,-0.826227,-0.143058,3.000000
126.050000,31.276205,-0.781051,0.291069,3.000000
126.100000,31.284239,-0.634968,0.654064,3.000000
126.150000,31.299528,-0.356995,0.809191,3.000000
126.200000,31.321343,0.039649,0.817452,3.000000
126.250000,31.344951,0.468889,0.732673,3.000000
126.300000,31.360175,0.745686,0.531704,3.000000
126.350000,31.364560,0.825404,0.198097,3.000000
126.400000,31.364560,0.792537,-0.230617,3.000000
126.450000,31.371710,0.662539,-0.615731,3.000000
126.500000,31.385977,0.403136,-0.798840,3.000000
126.550000,31.407039,0.020192,-0.822035,3.000000
126.600000,31.430954,-0.414628,-0.750316,3.000000
126.650000,31.447802,-0.720953,-0.567516,3.000000
126.700000,31.453393,-0.822611,-0.251167,3.000000
126.750000,31.453393,-0.802272,0.169487,3.000000
126.800000,31.459703,-0.687546,0.573047,3.000000
126.850000,31.472939,-0.446881,0.785501,3.000000
126.900000,31.493185,-0.078782,0.824971,3.000000
126.950000,31.517192,0.357715,0.765863,3.000000
127.000000,31.535578,0.692007,0.600694,3.000000
127.050000,31.542489,0.817660,0.302130,3.000000
127.100000,31.542489,0.810326,-0.108256,3.000000
127.150000,31.548003,0.710077,-0.526236,3.000000
127.200000,31.560208,0.488158,-0.768854,3.000000
127.250000,31.579586,0.135832,-0.826198,3.000000
127.300000,31.603490,-0.298777,-0.779439,3.000000
127.350000,31.623284,-0.658681,-0.631226,3.000000
127.400000,31.631625,-0.810323,-0.350880,3.000000
127.450000,31.631625,-0.816743,0.047433,3.000000
127.500000,31.636382,-0.730241,0.475656,3.000000
127.550000,31.647566,-0.526900,0.748578,3.000000
127.600000,31.666034,-0.191113,0.825617,3.000000
127.650000,31.689661,0.238456,0.791157,3.000000
127.700000,31.710696,0.620917,0.659132,3.000000
127.750000,31.720564,0.800335,0.397324,3.000000
127.800000,31.721730,0.821537,0.012545,3.000000
127.850000,31.721730,0.748163,-0.421781,3.000000
127.900000,31.731911,0.563050,-0.724371,3.000000
127.950000,31.749435,0.244445,-0.823087,3.000000
128.000000,31.772635,-0.177380,-0.801113,3.000000
128.050000,31.794712,-0.578784,-0.684465,3.000000
128.100000,31.806186,-0.787398,-0.441382,3.000000
128.150000,31.808237,-0.824687,-0.071314,3.000000
128.200000,31.808237,-0.763973,0.365175,3.000000
128.250000,31.817444,-0.596568,0.695979,3.000000
128.300000,31.833993,-0.295686,0.818426,3.000000
128.350000,31.856643,0.116132,0.809381,3.000000
128.400000,31.879542,0.532488,0.707309,3.000000
128.450000,31.892671,0.771196,0.482981,3.000000
128.500000,31.895693,0.826139,0.128576,3.000000
128.550000,31.895693,0.777796,-0.306462,3.000000
128.600000,31.903963,0.627440,-0.663224,3.000000
128.650000,31.919512,0.344726,-0.811411,3.000000
128.700000,31.941509,-0.055230,-0.816007,3.000000
128.750000,31.965002,-0.482369,-0.727771,3.000000
128.800000,31.979799,-0.751405,-0.522053,3.000000
128.850000,31.983891,-0.825798,-0.184096,3.000000
128.900000,31.983891,-0.789748,0.246283,3.000000
128.950000,31.991264,-0.655682,0.626031,3.000000
129.000000,32.005796,-0.391472,0.801781,3.000000
129.050000,32.027058,-0.004879,0.821010,3.000000
129.100000,32.050916,0.428888,0.745975,3.000000
129.150000,32.067351,0.727720,0.558539,3.000000
129.200000,32.072621,0.823528,0.237688,3.000000
129.250000,32.072621,0.799927,-0.185271,3.000000
129.300000,32.079143,0.681343,-0.584452,3.000000
129.350000,32.092646,0.435842,-0.789242,3.000000
129.400000,32.113107,0.063821,-0.824375,3.000000
129.450000,32.137110,-0.372600,-0.762050,3.000000
129.500000,32.155110,-0.699879,-0.592398,3.000000
129.550000,32.161670,-0.819154,-0.289206,3.000000
129.600000,32.161670,-0.808409,0.124014,3.000000
129.650000,32.167385,-0.704502,0.538675,3.000000
129.700000,32.179856,-0.477762,0.773478,3.000000
129.750000,32.199462,-0.121292,0.826050,3.000000
129.800000,32.223410,0.314122,0.776122,3.000000
129.850000,32.242856,0.667693,0.623611,3.000000
129.900000,32.250818,0.812456,0.338535,3.000000
129.950000,32.250818,0.815245,-0.063041,3.000000
130.000000,32.255767,0.725265,-0.489026,3.000000
130.050000,32.267212,0.517163,-0.754167,3.000000
130.100000,32.285919,0.177048,-0.825947,3.000000
130.150000,32.309632,-0.254096,-0.788310,3.000000
130.200000,32.330365,-0.631071,-0.652190,3.000000
130.250000,32.339831,-0.803178,-0.385581,3.000000
130.300000,32.339831,-0.820457,0.002807,3.000000
130.350000,32.344050,-0.743752,0.435949,3.000000
130.400000,32.354487,-0.553985,0.731000,3.000000
130.450000,32.372257,-0.230897,0.823935,3.000000
130.500000,32.395580,0.193157,0.798712,3.000000
130.550000,32.417409,0.590050,0.678179,3.000000
130.600000,32.428463,0.791031,0.430261,3.000000
130.650000,32.430278,0.824035,0.056304,3.000000
130.700000,32.430278,0.760094,-0.379989,3.000000
130.750000,32.439733,0.588184,-0.703707,3.000000
130.800000,32.456535,0.282689,-0.819843,3.000000
130.850000,32.479338,-0.131901,-0.807409,3.000000
130.900000,32.502047,-0.544799,-0.701655,3.000000
130.950000,32.514747,-0.775701,-0.472501,3.000000
131.000000,32.517510,-0.825932,-0.113979,3.000000
131.050000,32.517510,-0.774417,0.321757,3.000000
131.100000,32.526017,-0.619738,0.672088,3.000000
131.150000,32.541826,-0.332306,0.813458,3.000000
131.200000,32.564000,0.070864,0.814455,3.000000
131.250000,32.587362,0.495626,0.722720,3.000000
131.300000,32.601730,0.756865,0.512230,3.000000
131.350000,32.605536,0.826064,0.169968,3.000000
131.400000,32.605536,0.786841,-0.261895,3.000000
131.450000,32.613136,0.648654,-0.636038,3.000000
131.500000,32.627932,0.379651,-0.804528,3.000000
131.550000,32.649391,-0.010512,-0.819877,3.000000
131.600000,32.673175,-0.442961,-0.741493,3.000000
131.650000,32.689194,-0.734211,-0.549387,3.000000
131.700000,32.694149,-0.824307,-0.224071,3.000000
131.750000,32.694149,-0.797469,0.201039,3.000000
131.800000,32.700886,-0.674974,0.595577,3.000000
131.850000,32.714655,-0.424640,0.792768,3.000000
131.900000,32.735328,-0.048762,0.823667,3.000000
131.950000,32.759314,0.387340,0.758104,3.000000
132.000000,32.776920,0.707463,0.583926,3.000000
132.050000,32.783137,0.820494,0.276136,3.000000
132.100000,32.783137,0.806382,-0.139792,3.000000
132.150000,32.789056,0.698768,-0.550857,3.000000
132.200000,32.801792,0.467198,-0.777866,3.000000
132.250000,32.821623,0.106638,-0.825784,3.000000
132.300000,32.845603,-0.329365,-0.772681,3.000000
132.350000,32.864691,-0.676409,-0.615821,3.000000
132.400000,32.872281,-0.814418,-0.326039,3.000000
132.450000,32.872281,-0.813639,0.078699,3.000000
132.500000,32.877424,-0.720137,0.502167,3.000000
132.550000,32.889132,-0.507254,0.759500,3.000000
132.600000,32.908074,-0.162856,0.826150,3.000000
132.650000,32.931863,0.269676,0.785343,3.000000
132.700000,32.952283,0.640932,0.645076,3.000000
132.750000,32.961352,0.805831,0.373681,3.000000
132.800000,32.961352,0.819269,-0.018235,3.000000
132.850000,32.965756,0.739198,-0.449925,3.000000
132.900000,32.976451,0.544746,-0.737355,3.000000
132.950000,32.994465,0.217212,-0.824645,3.000000
133.000000,33.017902,-0.208914,-0.796197,3.000000
133.050000,33.039469,-0.601034,-0.671726,3.000000
133.100000,33.050107,-0.794453,-0.418979,3.000000
133.150000,33.051692,-0.823271,-0.041198,3.000000
133.200000,33.051692,-0.756081,0.394651,3.000000
133.250000,33.061397,-0.579624,0.711147,3.000000
133.300000,33.078451,-0.269547,0.821107,3.000000
133.350000,33.101399,0.147685,0.805328,3.000000
133.400000,33.123903,0.556849,0.695841,3.000000
133.450000,33.136175,0.779974,0.461854,3.000000
133.500000,33.138685,0.825608,0.099269,3.000000
133.550000,33.138685,0.770913,-0.336944,3.000000
133.600000,33.147433,0.611860,-0.680657,3.000000
133.650000,33.163499,0.319734,-0.815336,3.000000
133.700000,33.185845,-0.086544,-0.812796,3.000000
133.750000,33.209061,-0.508650,-0.717516,3.000000
133.800000,33.222999,-0.762072,-0.502236,3.000000
133.850000,33.226526,-0.826205,-0.155713,3.000000
133.900000,33.226526,-0.783816,0.277440,3.000000
133.950000,33.234356,-0.641454,0.645753,3.000000
134.000000,33.249414,-0.367673,0.807088,3.000000
134.050000,33.271065,0.025975,0.818635,3.000000
134.100000,33.294762,0.456838,0.736868,3.000000
134.150000,33.310360,0.740430,0.540061,3.000000
134.200000,33.315008,0.824949,0.210319,3.000000
134.250000,33.315008,0.794897,-0.216781,3.000000
134.300000,33.321963,0.668437,-0.606419,3.000000
134.350000,33.335997,0.413277,-0.796086,3.000000
134.400000,33.356879,0.033610,-0.822848,3.000000
134.450000,33.380833,-0.401923,-0.754023,3.000000
134.500000,33.398039,-0.714760,-0.575278,3.000000
134.550000,33.403920,-0.821684,-0.262922,3.000000
134.600000,33.403920,-0.804246,0.155580,3.000000
134.650000,33.410046,-0.692873,0.562774,3.000000
134.700000,33.423048,-0.456468,0.782025,3.000000
134.750000,33.443101,-0.091874,0.825402,3.000000
134.800000,33.467101,0.344494,0.769112,3.000000
134.850000,33.485819,0.684831,0.607855,3.000000
134.900000,33.493045,0.816213,0.313392,3.000000
134.950000,33.493045,0.811925,-0.094399,3.000000
135.000000,33.498384,0.714856,-0.515072,3.000000
135.050000,33.510357,0.497176,-0.764582,3.000000
135.100000,33.529531,0.148540,-0.826229,3.000000
135.150000,33.553386,-0.285185,-0.782257,3.000000
135.200000,33.573479,-0.650499,-0.637788,3.000000
135.250000,33.582158,-0.808299,-0.361626,3.000000
135.300000,33.582158,-0.817974,0.033732,3.000000
135.350000,33.586749,-0.734500,0.463699,3.000000
135.400000,33.597703,-0.535333,0.743439,3.000000
135.450000,33.615960,-0.203393,0.825220,3.000000
135.500000,33.639501,0.224639,0.793568,3.000000
135.550000,33.660791,0.611733,0.665105,3.000000
135.600000,33.671018,0.797669,0.407535,3.000000
135.650000,33.672378,0.822397,0.026001,3.000000
135.700000,33.672378,0.751932,-0.409152,3.000000
135.750000,33.682335,0.570888,-0.718303,3.000000
135.800000,33.699640,0.256262,-0.822224,3.000000
135.850000,33.722725,-0.163475,-0.803136,3.000000
135.900000,33.745009,-0.568632,-0.689865,3.000000
135.950000,33.756855,-0.784019,-0.451041,3.000000
136.000000,33.759119,-0.825168,-0.084451,3.000000
136.050000,33.759119,-0.767280,0.352012,3.000000
136.100000,33.768110,-0.603807,0.688933,3.000000
136.150000,33.784433,-0.307013,0.817050,3.000000
136.200000,33.806943,0.102263,0.811028,3.000000
136.250000,33.829998,0.521434,0.712158,3.000000
136.300000,33.843506,0.767030,0.492073,3.000000
136.350000,33.846761,0.826223,0.141337,3.000000
136.400000,33.846761,0.780669,-0.292909,3.000000
136.450000,33.854824,0.634079,-0.655172,3.000000
136.500000,33.870143,0.355540,-0.809465,3.000000
136.550000,33.891981,-0.041504,-0.817285,3.000000
136.600000,33.915576,-0.470508,-0.732096,3.000000
136.650000,33.930749,-0.746382,-0.530562,3.000000
136.700000,33.935098,-0.825458,-0.196434,3.000000
136.750000,33.935098,-0.792211,0.232487,3.000000
136.800000,33.942275,-0.661730,0.616974,3.000000
136.850000,33.956573,-0.401753,0.799201,3.000000
136.900000,33.977659,-0.018370,0.821919,3.000000
136.950000,34.001568,0.416338,0.749805,3.000000
137.000000,34.018367,0.721774,0.566455,3.000000
137.050000,34.023920,0.822727,0.249566,3.000000
137.100000,34.023920,0.801998,-0.171370,3.000000
137.150000,34.030255,0.686815,-0.574421,3.000000
137.200000,34.043523,0.445573,-0.785958,3.000000
137.250000,34.063794,0.077003,-0.824906,3.000000
137.300000,34.087802,-0.359498,-0.765415,3.000000
137.350000,34.106142,-0.692961,-0.599714,3.000000
137.400000,34.113011,-0.817846,-0.300597,3.000000
137.450000,34.113011,-0.810103,0.110134,3.000000
137.500000,34.118549,-0.709420,0.527733,3.000000
137.550000,34.130786,-0.486927,0.769418,3.000000
137.600000,34.150191,-0.134104,0.826187,3.000000
137.650000,34.174101,0.300612,0.779050,3.000000
137.700000,34.193854,0.659771,0.630327,3.000000
137.750000,34.202149,0.810587,0.349416,3.000000
137.800000,34.202149,0.816570,-0.049291,3.000000
137.850000,34.206929,0.729655,-0.477262,3.000000
137.900000,34.218144,0.525748,-0.749258,3.000000
137.950000,34.236641,0.189442,-0.825663,3.000000
138.000000,34.260278,-0.240324,-0.790824,3.000000
138.050000,34.281278,-0.622143,-0.658313,3.000000
138.100000,34.291098,-0.800684,-0.395932,3.000000
138.150000,34.292238,-0.821414,-0.010719,3.000000
138.200000,34.292238,-0.747644,0.423480,3.000000
138.250000,34.302450,-0.561978,0.725176,3.000000
138.300000,34.320003,-0.242836,0.823196,3.000000
138.350000,34.343218,0.179263,0.800833,3.000000
138.400000,34.365266,0.580142,0.683725,3.000000
138.450000,34.376690,0.787843,0.440065,3.000000
138.500000,34.378712,0.824615,0.069529,3.000000
138.550000,34.378712,0.763517,-0.366950,3.000000
138.600000,34.387949,0.595577,-0.696916,3.000000
138.650000,34.404528,0.294144,-0.818603,3.000000
138.700000,34.427197,-0.118012,-0.809152,3.000000
138.750000,34.450074,-0.533969,-0.706643,3.000000
138.800000,34.463152,-0.771745,-0.481740,3.000000
138.850000,34.466143,-0.826120,-0.126842,3.000000
138.900000,34.466143,-0.777400,0.308291,3.000000
138.950000,34.474440,-0.626531,0.664296,3.000000
139.000000,34.490021,-0.343253,0.811664,3.000000
139.050000,34.512040,0.057092,0.815828,3.000000
139.100000,34.535517,0.483962,0.727177,3.000000
139.150000,34.550263,0.752070,0.520890,3.000000
139.200000,34.554321,0.825836,0.182418,3.000000
139.250000,34.554321,0.789408,-0.248148,3.000000
139.300000,34.561721,0.654853,-0.627239,3.000000
139.350000,34.576284,0.390071,-0.802118,3.000000
139.400000,34.597570,0.003047,-0.820881,3.000000
139.450000,34.621420,-0.430577,-0.745448,3.000000
139.500000,34.637806,-0.728509,-0.557457,3.000000
139.550000,34.643038,-0.823629,-0.236071,3.000000
139.600000,34.643038,-0.799640,0.187152,3.000000
139.650000,34.649585,-0.680592,0.585793,3.000000
139.700000,34.663119,-0.434515,0.789673,3.000000
139.750000,34.683606,-0.062030,0.824296,3.000000
139.800000,34.707608,0.374366,0.761586,3.000000
139.850000,34.725562,0.700799,0.591397,3.000000
139.900000,34.732080,0.819322,0.287655,3.000000
139.950000,34.732080,0.808173,-0.125895,3.000000
140.000000,34.737819,0.703827,-0.540142,3.000000
140.050000,34.750322,0.476511,-0.774014,3.000000
140.100000,34.769955,0.119550,-0.826025,3.000000
140.150000,34.793907,-0.315945,-0.775719,3.000000
140.200000,34.813311,-0.668748,-0.622691,3.000000
140.250000,34.821228,-0.812699,-0.337053,3.000000
140.300000,34.821228,-0.815059,0.064906,3.000000
140.350000,34.826200,-0.724661,0.490605,3.000000
140.400000,34.837677,-0.515990,0.754817,3.000000
140.450000,34.856412,-0.175362,0.825978,3.000000
140.500000,34.880134,0.255958,0.787962,3.000000
140.550000,34.900831,0.632262,0.651351,3.000000
140.600000,34.910249,0.803505,0.384170,3.000000
140.650000,34.910249,0.820321,-0.004643,3.000000
140.700000,34.914490,0.743216,-0.437626,3.000000
140.750000,34.924958,0.552892,-0.731772,3.000000
140.800000,34.942757,0.229272,-0.824027,3.000000
140.850000,34.966094,-0.195038,-0.798418,3.000000
140.900000,34.987893,-0.591374,-0.677419,3.000000
140.950000,34.998897,-0.791450,-0.428924,3.000000
141.000000,35.000684,-0.823950,-0.054507,3.000000
141.050000,35.000684,-0.759622,0.381746,3.000000
141.100000,35.010169,-0.587172,0.704610,3.000000
141.150000,35.027001,-0.281129,0.820002,3.000000
141.200000,35.049821,0.133783,0.807167,3.000000
141.250000,35.072507,0.546250,0.700970,3.000000
141.300000,35.085156,0.776223,0.471240,3.000000
141.350000,35.087888,0.825899,0.112231,3.000000
141.400000,35.087888,0.774006,-0.323574,3.000000
141.450000,35.096424,0.618808,-0.673125,3.000000
141.500000,35.112263,0.330814,-0.813691,3.000000
141.550000,35.134458,-0.072732,-0.814263,3.000000
141.600000,35.157804,-0.497191,-0.722107,3.000000
141.650000,35.172121,-0.757500,-0.511047,3.000000
141.700000,35.175893,-0.826087,-0.168274,3.000000
141.750000,35.175893,-0.786487,0.263752,3.000000
141.800000,35.183521,-0.647805,0.637212,3.000000
141.850000,35.198347,-0.378230,0.804843,3.000000
141.900000,35.219829,0.012353,0.819734,3.000000
141.950000,35.243604,0.444627,0.740949,3.000000
142.000000,35.259573,0.734967,0.548284,3.000000
142.050000,35.264491,0.824390,0.222438,3.000000
142.100000,35.264491,0.797168,-0.202918,3.000000
142.150000,35.271254,0.674203,-0.596885,3.000000
142.200000,35.285054,0.423294,-0.793175,3.000000
142.250000,35.305753,0.046960,-0.823575,3.000000
142.300000,35.329735,-0.389087,-0.757625,3.000000
142.350000,35.347295,-0.708348,-0.582904,3.000000
142.400000,35.353471,-0.820644,-0.274567,3.000000
142.450000,35.353471,-0.806133,0.141674,3.000000
142.500000,35.359414,-0.698074,0.552292,3.000000
142.550000,35.372182,-0.465927,0.778374,3.000000
142.600000,35.392040,-0.104883,0.825745,3.000000
142.650000,35.416023,0.331175,0.772262,3.000000
142.700000,35.435067,0.677429,0.614880,3.000000
142.750000,35.442613,0.814641,0.324538,3.000000
142.800000,35.442613,0.813440,-0.080569,3.000000
142.850000,35.447779,0.719515,-0.503719,3.000000
142.900000,35.459519,0.506061,-0.760119,3.000000
142.950000,35.478489,0.161155,-0.826166,3.000000
143.000000,35.502287,-0.271530,-0.784982,3.000000
143.050000,35.522668,-0.642089,-0.644216,3.000000
143.100000,35.531690,-0.806135,-0.372252,3.000000
143.150000,35.531690,-0.819120,0.020080,3.000000
143.200000,35.536116,-0.738646,0.451578,3.000000
143.250000,35.546842,-0.543633,0.738094,3.000000
143.300000,35.564885,-0.215571,0.824720,3.000000
143.350000,35.588335,0.210791,0.795890,3.000000
143.400000,35.609870,0.602325,0.670946,3.000000
143.450000,35.620458,0.794847,0.417622,3.000000
143.500000,35.622016,0.823173,0.039390,3.000000
143.550000,35.622016,0.755593,-0.396389,3.000000
143.600000,35.631751,0.578591,-0.712016,3.000000
143.650000,35.648836,0.267970,-0.821248,3.000000
143.700000,35.671800,-0.149568,-0.805072,3.000000
143.750000,35.694279,-0.558268,-0.695137,3.000000
143.800000,35.706500,-0.780468,-0.460573,3.000000
143.850000,35.708980,-0.825561,-0.097508,3.000000
143.900000,35.708980,-0.770486,0.338748,3.000000
143.950000,35.717757,-0.610909,0.681659,3.000000
144.000000,35.733854,-0.318225,0.815549,3.000000
144.050000,35.756219,0.088417,0.812590,3.000000
144.100000,35.779417,0.510187,0.716885,3.000000
144.150000,35.793304,0.762676,0.501033,3.000000
144.200000,35.796798,0.826214,0.154005,3.000000
144.250000,35.796798,0.783447,-0.279289,3.000000
144.300000,35.804656,0.640583,-0.646891,3.000000
144.350000,35.819745,0.366234,-0.807381,3.000000
144.400000,35.841418,-0.027824,-0.818480,3.000000
144.450000,35.865104,-0.458479,-0.736306,3.000000
144.500000,35.880651,-0.741154,-0.538938,3.000000
144.550000,35.885264,-0.825016,-0.208670,3.000000
144.600000,35.885264,-0.794583,0.218656,3.000000
144.650000,35.892245,-0.667646,0.607693,3.000000
144.700000,35.906311,-0.411911,0.796468,3.000000
144.750000,35.927217,-0.031797,0.822743,3.000000
144.800000,35.951167,0.403651,0.753528,3.000000
144.850000,35.968324,0.715612,0.574235,3.000000
144.900000,35.974166,0.821816,0.261337,3.000000
144.950000,35.974166,0.803983,-0.157463,3.000000
145.000000,35.980316,0.692159,-0.564177,3.000000
145.050000,35.993350,0.455178,-0.782505,3.000000
145.100000,36.013429,0.090106,-0.825349,3.000000
145.150000,36.037431,-0.346290,-0.768678,3.000000
145.200000,36.056105,-0.685816,-0.606894,3.000000
145.250000,36.063288,-0.816416,-0.311874,3.000000
145.300000,36.063288,-0.811714,0.096274,3.000000
145.350000,36.068650,-0.714216,0.516595,3.000000
145.400000,36.080654,-0.495962,0.765171,3.000000
145.450000,36.099856,-0.146825,0.826231,3.000000
145.500000,36.123718,0.287029,0.781881,3.000000
145.550000,36.143771,0.651620,0.636908,3.000000
145.600000,36.152404,0.808581,0.360178,3.000000
145.650000,36.152404,0.817812,-0.035584,3.000000
145.700000,36.157017,0.733930,-0.465328,3.000000
145.750000,36.168003,0.534199,-0.744147,3.000000
145.800000,36.186288,0.201736,-0.825279,3.000000
145.850000,36.209842,-0.226512,-0.793247,3.000000
145.900000,36.231098,-0.612990,-0.664304,3.000000
145.950000,36.241276,-0.798039,-0.406160,3.000000
146.000000,36.242609,-0.822286,-0.024183,3.000000
146.050000,36.242609,-0.751428,0.410870,3.000000
146.100000,36.252597,-0.569835,0.719137,3.000000
146.150000,36.269931,-0.254668,0.822347,3.000000
146.200000,36.293032,0.165358,0.802867,3.000000
146.250000,36.315289,0.570019,0.689141,3.000000
146.300000,36.327084,0.784487,0.449741,3.000000
146.350000,36.329319,0.825108,0.082677,3.000000
146.400000,36.329319,0.766838,-0.353801,3.000000
146.450000,36.338339,0.602834,-0.689900,3.000000
146.500000,36.354693,0.305486,-0.817243,3.000000
146.550000,36.377222,-0.104139,-0.810810,3.000000
146.600000,36.400257,-0.522942,-0.711509,3.000000
146.650000,36.413713,-0.767605,-0.490849,3.000000
146.700000,36.416937,-0.826217,-0.139615,3.000000
146.750000,36.416937,-0.780286,0.294748,3.000000
146.800000,36.425027,-0.633188,0.656276,3.000000
146.850000,36.440378,-0.354083,0.809737,3.000000
146.900000,36.462237,0.043360,0.817117,3.000000
146.950000,36.485819,0.472124,0.731517,3.000000
147.000000,36.500941,0.747074,0.529418,3.000000
147.050000,36.505255,0.825510,0.194769,3.000000
147.100000,36.505255,0.791882,-0.234358,3.000000
147.150000,36.512458,0.660919,-0.618214,3.000000
147.200000,36.526789,0.400368,-0.799559,3.000000
147.250000,36.547899,0.016547,-0.821801,3.000000
147.300000,36.571801,-0.418046,-0.749293,3.000000
147.350000,36.588552,-0.722592,-0.565391,3.000000
147.400000,36.594065,-0.822842,-0.247964,3.000000
147.450000,36.594065,-0.801723,0.173253,3.000000
147.500000,36.600426,-0.686082,0.575792,3.000000
147.550000,36.613726,-0.444263,0.786413,3.000000
147.600000,36.634023,-0.075223,0.824839,3.000000
147.650000,36.658030,0.361278,0.764965,3.000000
147.700000,36.676325,0.693911,0.598731,3.000000
147.750000,36.683152,0.818030,0.299061,3.000000
147.800000,36.683152,0.809879,-0.112012,3.000000
147.850000,36.688713,0.708762,-0.529226,3.000000
147.900000,36.700982,0.485694,-0.769979,3.000000
147.950000,36.720414,0.132375,-0.826174,3.000000
148.000000,36.744330,-0.302445,-0.778659,3.000000
148.050000,36.764042,-0.660857,-0.629426,3.000000
148.100000,36.772292,-0.810848,-0.347949,3.000000
148.150000,36.772292,-0.816396,0.051150,3.000000
148.200000,36.777095,-0.729068,0.478865,3.000000
148.250000,36.788341,-0.524593,0.749935,3.000000
148.300000,36.806866,-0.187770,0.825707,3.000000
148.350000,36.830514,0.242191,0.790489,3.000000
148.400000,36.851479,0.623365,0.657492,3.000000
148.450000,36.861250,0.801031,0.394537,3.000000
148.500000,36.862364,0.821289,0.008891,3.000000
148.550000,36.862364,0.747124,-0.425177,3.000000
148.600000,36.872606,0.560903,-0.725977,3.000000
148.650000,36.890189,0.241226,-0.823302,3.000000
148.700000,36.913419,-0.181145,-0.800551,3.000000
148.750000,36.935438,-0.581496,-0.682981,3.000000
148.800000,36.946812,-0.788284,-0.438745,3.000000
148.850000,36.948806,-0.824542,-0.067743,3.000000
148.900000,36.948806,-0.763060,0.368722,3.000000
148.950000,36.958072,-0.594584,0.697849,3.000000
149.000000,36.974681,-0.292600,0.818778,3.000000
149.050000,36.997368,0.119891,0.808921,3.000000
149.100000,37.020224,0.535447,0.705975,3.000000
149.150000,37.033250,0.772292,0.480497,3.000000
149.200000,37.036210,0.826100,0.125105,3.000000
149.250000,37.036210,0.777002,-0.310119,3.000000
149.300000,37.044536,0.625619,-0.665365,3.000000
149.350000,37.060147,0.341778,-0.811915,3.000000
149.400000,37.082187,-0.058954,-0.815647,3.000000
149.450000,37.105650,-0.485551,-0.726580,3.000000
149.500000,37.120345,-0.752731,-0.519726,3.000000
149.550000,37.124368,-0.825873,-0.180738,3.000000
149.600000,37.124368,-0.789066,0.250012,3.000000
149.650000,37.131795,-0.654022,0.628444,3.000000
149.700000,37.146390,-0.388667,0.802453,3.000000
149.750000,37.167700,-0.001215,0.820750,3.000000
149.800000,37.191541,0.432262,0.744919,3.000000
149.850000,37.207878,0.729293,0.556372,3.000000
149.900000,37.213071,0.823727,0.234453,3.000000
149.950000,37.213071,0.799351,-0.189033,3.000000
150.000000,37.219644,0.679839,-0.587131,3.000000
150.050000,37.233210,0.433185,-0.790102,3.000000
150.100000,37.253723,0.060238,-0.824216,3.000000
150.150000,37.277723,-0.376130,-0.761121,3.000000
150.200000,37.295630,-0.701714,-0.590393,3.000000
150.250000,37.302107,-0.819487,-0.286102,3.000000
150.300000,37.302107,-0.807935,0.127776,3.000000
150.350000,37.307871,-0.703149,0.541604,3.000000
150.400000,37.320405,-0.475258,0.774546,3.000000
150.450000,37.340065,-0.117807,0.825997,3.000000
150.500000,37.364021,0.317767,0.775313,3.000000
150.550000,37.383383,0.669798,0.621769,3.000000
150.600000,37.391256,0.812939,0.335568,3.000000
150.650000,37.391256,0.814872,-0.066771,3.000000
150.700000,37.396250,0.724055,-0.492181,3.000000
150.750000,37.407759,0.514815,-0.755462,3.000000
150.800000,37.426521,0.173674,-0.826007,3.000000
150.850000,37.450253,-0.257818,-0.787613,3.000000
150.900000,37.470913,-0.633450,-0.650509,3.000000
150.950000,37.480284,-0.803828,-0.382757,3.000000
151.000000,37.480284,-0.820184,0.006481,3.000000
151.050000,37.484547,-0.742679,0.439300,3.000000
151.100000,37.495045,-0.551797,0.732541,3.000000
151.150000,37.512874,-0.227645,0.824117,3.000000
151.200000,37.536225,0.196918,0.798122,3.000000
151.250000,37.557992,0.592695,0.676656,3.000000
151.300000,37.568947,0.791866,0.427585,3.000000
151.350000,37.570707,0.823863,0.052709,3.000000
151.400000,37.570707,0.759149,-0.383500,3.000000
151.450000,37.580221,0.586158,-0.705508,3.000000
151.500000,37.597084,0.279567,-0.820158,3.000000
151.550000,37.619921,-0.135665,-0.806923,3.000000
151.600000,37.642583,-0.547697,-0.700283,3.000000
151.650000,37.655181,-0.776741,-0.469977,3.000000
151.700000,37.657882,-0.825865,-0.110481,3.000000
151.750000,37.657882,-0.773593,0.325389,3.000000
151.800000,37.666447,-0.617875,0.674158,3.000000